# Blender 3.4.0
# www.blender.org
mtllib addthistoyourscene.mtl
o Cube
v -1.177881 1.282734 0.799148
v -1.065541 4.464589 0.599361
v -1.177881 1.282734 -0.799148
v -1.065541 4.464589 -0.599361
v 1.177881 1.282734 0.799148
v 1.065541 4.464589 0.599361
v 1.177819 1.282150 -0.800481
v 1.065541 4.464589 -0.599361
v 0.248567 1.303053 -0.925432
v -0.243953 1.301831 -0.921551
v -0.285789 4.977130 -0.799148
v 0.285789 4.977130 -0.799148
v -0.258962 1.312421 0.910791
v 0.258890 1.312106 0.910076
v 0.285789 4.977130 0.799148
v -0.285789 4.977130 0.799148
v -1.112016 0.242276 -0.599361
v -1.112016 0.242276 0.599361
v -0.549518 0.242276 -0.599361
v 1.112016 0.242276 0.599361
v 1.111986 0.242058 -0.599857
v 0.549488 0.242058 0.598865
v 0.549398 0.241400 -0.601346
v -0.549518 0.242276 0.599361
v -1.171684 2.606117 0.799148
v -1.171684 2.606117 -0.799148
v 1.171664 2.605971 -0.799479
v 1.171684 2.606117 0.799148
v 0.285789 2.670868 1.198722
v -0.285789 2.670868 1.198722
v -0.285809 2.670722 -1.199053
v 0.285709 2.670284 -1.200046
v -1.293806 1.282734 -0.437034
v -1.332448 1.282734 -0.000000
v -1.293806 1.282734 0.437034
v -1.169411 3.119367 0.794870
v -1.153502 3.663231 0.764925
v -1.114262 4.147121 0.691065
v -1.111989 4.555065 0.355601
v -1.135320 4.600015 -0.000000
v -1.111989 4.555065 -0.355601
v -1.171781 2.193160 -0.799148
v -1.172459 1.861984 -0.799148
v -1.174298 1.572029 -0.799148
v -0.486409 1.273565 -1.132629
v -0.758233 1.282308 -1.136843
v -0.989972 1.283122 -1.026633
v 0.497700 4.899559 -0.794870
v 0.728759 4.781490 -0.764925
v 0.933742 4.620432 -0.691065
v 1.171760 2.192884 -0.799782
v 1.175019 1.861581 -0.801475
v 1.176072 1.571496 -0.801347
v 1.293805 1.282725 0.437013
v 1.332438 1.282661 -0.000165
v 1.293772 1.282488 -0.437592
v 1.111989 4.555065 -0.355601
v 1.135320 4.600015 -0.000000
v 1.111989 4.555065 0.355601
v 1.171781 2.193160 0.799148
v 1.172459 1.861984 0.799148
v 1.174298 1.572029 0.799148
v 0.505745 1.293594 1.088854
v 0.755626 1.285882 1.119040
v 0.989853 1.283127 1.026435
v -0.497700 4.899559 0.794870
v -0.728759 4.781490 0.764925
v -0.933742 4.620432 0.691065
v 0.994618 1.281776 -1.034219
v 0.768002 1.276344 -1.163862
v 0.490273 1.269044 -1.150024
v 0.097224 1.442584 -0.852188
v -0.002027 1.477815 -0.831940
v -0.096397 1.438055 -0.851324
v -0.933742 4.620432 -0.691065
v -0.728759 4.781490 -0.764925
v -0.497700 4.899559 -0.794870
v -0.126438 5.022658 -0.799148
v 0.000000 5.037834 -0.799148
v 0.126438 5.022658 -0.799148
v -0.989854 1.283132 1.026446
v -0.755633 1.285920 1.119127
v -0.505769 1.293723 1.089146
v -0.105018 1.453171 0.841414
v -0.000054 1.490484 0.822223
v 0.104918 1.452963 0.840942
v 0.933742 4.620432 0.691065
v 0.728759 4.781490 0.764925
v 0.497700 4.899559 0.794870
v 0.126438 5.022658 0.799148
v -0.000000 5.037834 0.799148
v -0.126438 5.022658 0.799148
v 0.285789 5.280572 -0.437034
v 0.285789 5.381719 -0.000000
v 0.285789 5.280572 0.437034
v -0.285789 5.280572 -0.437034
v -0.285789 5.381719 -0.000000
v -0.285789 5.280571 0.437034
v -0.165388 1.200891 -0.477441
v -0.140930 1.171194 -0.000899
v -0.165359 1.201100 0.475783
v 0.165009 1.199058 -0.481596
v 0.140643 1.169880 -0.003876
v 0.165181 1.200316 0.474007
v 0.285395 2.221534 1.195005
v 0.282639 1.878536 1.168987
v 0.275137 1.599359 1.095097
v -0.285396 2.221538 1.195014
v -0.282647 1.878565 1.169053
v -0.275164 1.599464 1.095334
v -0.284212 2.224486 -1.229012
v -0.244656 1.869638 -1.390895
v -0.201493 1.513958 -1.253216
v 0.279388 2.226049 -1.258579
v 0.213516 1.861351 -1.407508
v 0.192750 1.516161 -1.233834
v -1.154695 0.186514 -0.355601
v -1.175943 0.158504 0.000000
v -1.154695 0.186514 0.355601
v -0.668445 0.186514 -0.686787
v -0.836878 0.158504 -0.730703
v -1.001224 0.186514 -0.686787
v 1.154694 0.186510 0.355591
v 1.175938 0.158470 -0.000078
v 1.154680 0.186402 -0.355854
v 0.668430 0.186403 0.686534
v 0.836873 0.158470 0.730624
v 1.001223 0.186510 0.686777
v 1.001182 0.186206 -0.687485
v 0.836812 0.158026 -0.731787
v 0.668350 0.185816 -0.688369
v -1.001224 0.186514 0.686787
v -0.836878 0.158504 0.730703
v -0.668445 0.186514 0.686787
v -0.514974 0.186514 -0.355601
v -0.497812 0.158504 -0.000000
v -0.514974 0.186514 0.355601
v 0.514879 0.185816 -0.357182
v 0.497747 0.158026 -0.001084
v 0.514932 0.186206 0.354903
v 1.181584 0.968008 0.794870
v 1.174975 0.659639 0.764925
v 1.148595 0.402137 0.691065
v 1.148554 0.401835 -0.691749
v 1.174917 0.659212 -0.765893
v 1.181511 0.967471 -0.796087
v -1.181584 0.968008 0.794870
v -1.174975 0.659639 0.764925
v -1.148595 0.402137 0.691065
v -0.488697 0.402147 0.692559
v -0.418311 0.659723 0.776879
v -0.348465 0.969749 0.836120
v 0.348144 0.967486 -0.841468
v 0.418067 0.657965 -0.780929
v 0.488527 0.400904 -0.695384
v 0.488656 0.401850 0.691885
v 0.418253 0.659330 0.775990
v 0.348395 0.969327 0.835162
v -0.348480 0.969645 -0.836578
v -0.418315 0.659693 -0.777013
v -0.488698 0.402144 -0.692576
v -1.148595 0.402137 -0.691065
v -1.174975 0.659639 -0.764925
v -1.181584 0.968008 -0.794870
v -1.174298 1.572029 0.799148
v -1.172459 1.861984 0.799148
v -1.171781 2.193160 0.799148
v -1.114262 4.147121 -0.691065
v -1.153502 3.663231 -0.764925
v -1.169411 3.119367 -0.794870
v 1.114262 4.147119 -0.691070
v 1.153500 3.663213 -0.764967
v 1.169403 3.119306 -0.795010
v 1.114262 4.147121 0.691065
v 1.153502 3.663231 0.764925
v 1.169411 3.119367 0.794870
v 0.285789 4.485933 1.030152
v 0.285789 3.879670 1.148775
v 0.285789 3.245572 1.192479
v -0.285789 4.485933 1.030152
v -0.285789 3.879670 1.148775
v -0.285789 3.245572 1.192479
v -0.285789 4.485930 -1.030157
v -0.285791 3.879652 -1.148817
v -0.285797 3.245511 -1.192618
v 0.285788 4.485924 -1.030172
v 0.285779 3.879597 -1.148941
v 0.285755 3.245326 -1.193037
v -0.126476 2.679698 -1.199348
v -0.000057 2.682589 -1.199673
v 0.126365 2.679437 -1.199937
v -0.978726 2.620785 -1.030157
v -0.742521 2.638474 -1.148817
v -0.499428 2.656136 -1.192618
v 0.126438 2.679974 1.198722
v 0.000000 2.683009 1.198722
v -0.126438 2.679974 1.198722
v 0.978726 2.620787 1.030152
v 0.742518 2.638493 1.148775
v 0.499420 2.656198 1.192479
v -0.499420 2.656198 1.192479
v -0.742518 2.638493 1.148775
v -0.978726 2.620787 1.030152
v 1.291087 2.596950 -0.437174
v 1.330896 2.593958 -0.000041
v 1.291095 2.597009 0.437029
v 0.499347 2.655662 -1.193694
v 0.742461 2.638073 -1.149727
v 0.978688 2.620511 -1.030777
v -1.291095 2.597012 0.437034
v -1.330899 2.593976 0.000000
v -1.291095 2.597012 -0.437034
v -1.288216 3.103241 0.434678
v -1.268060 3.645761 0.418188
v -1.214254 4.147228 0.381340
v -1.327827 3.098496 -0.000000
v -1.306329 3.644984 -0.000000
v -1.248097 4.162549 0.000000
v -1.288216 3.103241 -0.434678
v -1.268060 3.645761 -0.418188
v -1.214254 4.147228 -0.381340
v 0.499335 3.217287 -1.186777
v 0.498981 3.834836 -1.142915
v 0.498183 4.423544 -1.024722
v 0.742064 3.182923 -1.143165
v 0.739071 3.776439 -1.100797
v 0.732628 4.334794 -0.986579
v 0.977405 3.147846 -1.024967
v 0.968279 3.712245 -0.986642
v 0.947900 4.226677 -0.884734
v 1.288212 3.103215 -0.434737
v 1.268059 3.645753 -0.418206
v 1.214254 4.147228 -0.381342
v 1.327826 3.098488 -0.000017
v 1.306328 3.644982 -0.000005
v 1.248097 4.162549 -0.000001
v 1.288216 3.103240 0.434676
v 1.268060 3.645760 0.418188
v 1.214254 4.147228 0.381340
v -0.499366 3.217513 1.186264
v -0.498990 3.834903 1.142763
v -0.498184 4.423553 1.024703
v -0.742088 3.183100 1.142763
v -0.739079 3.776491 1.100678
v -0.732629 4.334801 0.986564
v -0.977421 3.147962 1.024703
v -0.968284 3.712280 0.986564
v -0.947901 4.226682 0.884724
v -0.543146 0.973675 1.047028
v -0.775691 0.969266 1.102695
v -0.999902 0.967778 1.019695
v -0.590978 0.657411 0.989156
v -0.799954 0.652176 1.055575
v -1.005905 0.655608 0.980926
v -0.637579 0.386944 0.880351
v -0.821095 0.373304 0.943350
v -1.002339 0.386719 0.879323
v -0.498130 5.193267 -0.434678
v -0.732199 5.054863 -0.418188
v -0.946595 4.848619 -0.381340
v -0.498560 5.291076 -0.000000
v -0.735639 5.145246 0.000000
v -0.957841 4.923084 -0.000000
v -0.498130 5.193266 0.434678
v -0.732199 5.054862 0.418188
v -0.946595 4.848619 0.381340
v 0.946595 4.848619 -0.381340
v 0.732199 5.054862 -0.418188
v 0.498130 5.193267 -0.434678
v 0.957841 4.923084 0.000000
v 0.735639 5.145246 0.000000
v 0.498560 5.291077 -0.000000
v 0.946595 4.848619 0.381340
v 0.732199 5.054863 0.418188
v 0.498130 5.193267 0.434678
v 0.126438 5.331222 -0.437034
v 0.000000 5.348105 -0.437034
v -0.126438 5.331222 -0.437034
v 0.126438 5.434076 -0.000000
v -0.000000 5.451529 -0.000000
v -0.126438 5.434076 -0.000000
v 0.126438 5.331222 0.437034
v -0.000000 5.348105 0.437034
v -0.126438 5.331222 0.437034
v 1.293829 0.967265 -0.435192
v 1.331290 0.966908 -0.000152
v 1.293859 0.967483 0.434659
v 1.279977 0.655326 -0.418601
v 1.315121 0.651325 -0.000123
v 1.280001 0.655502 0.418173
v 1.237984 0.386571 -0.381645
v 1.268406 0.373164 -0.000092
v 1.238001 0.386701 0.381329
v -0.082419 1.349840 -0.465561
v -0.000213 1.394923 -0.457058
v 0.082004 1.348740 -0.468052
v -0.071625 1.317986 -0.001763
v -0.000165 1.364518 -0.002739
v 0.071306 1.317201 -0.003542
v -0.082356 1.350304 0.462194
v -0.000106 1.395708 0.451753
v 0.082154 1.349840 0.461143
v 0.977421 3.147962 1.024703
v 0.968284 3.712280 0.986564
v 0.947901 4.226682 0.884724
v 0.742088 3.183100 1.142763
v 0.739079 3.776492 1.100678
v 0.732629 4.334801 0.986564
v 0.499366 3.217513 1.186264
v 0.498990 3.834903 1.142763
v 0.498184 4.423553 1.024703
v 0.126438 3.262930 1.192479
v 0.126438 3.906987 1.148775
v 0.126438 4.523209 1.030152
v 0.000000 3.268716 1.192479
v -0.000000 3.916092 1.148775
v -0.000000 4.535634 1.030152
v -0.126438 3.262930 1.192479
v -0.126438 3.906987 1.148775
v -0.126438 4.523209 1.030152
v -0.977421 3.147961 -1.024706
v -0.968284 3.712280 -0.986565
v -0.947901 4.226682 -0.884724
v -0.742089 3.183092 -1.142781
v -0.739079 3.776489 -1.100684
v -0.732629 4.334801 -0.986565
v -0.499370 3.217487 -1.186323
v -0.498991 3.834896 -1.142781
v -0.498184 4.423552 -1.024706
v -0.126454 3.262813 -1.192743
v -0.126443 3.906952 -1.148853
v -0.126439 4.523205 -1.030161
v -0.000024 3.268538 -1.192880
v -0.000007 3.916040 -1.148894
v -0.000001 4.535627 -1.030167
v 0.126407 3.262704 -1.192991
v 0.126429 3.906920 -1.148927
v 0.126437 4.523201 -1.030171
v 0.668736 0.066779 -0.379932
v 0.846452 0.026558 -0.399886
v 1.018263 0.067055 -0.379306
v 0.663282 0.026558 -0.000543
v 0.849687 -0.017406 -0.000239
v 1.029648 0.026751 -0.000107
v 0.668774 0.067055 0.378663
v 0.846478 0.026751 0.399236
v 1.018281 0.067187 0.378962
v -1.018282 0.067197 -0.378985
v -0.846484 0.026798 -0.399343
v -0.668793 0.067197 -0.378984
v -1.029655 0.026798 0.000000
v -0.849701 -0.017301 -0.000000
v -0.663314 0.026798 -0.000000
v -1.018282 0.067197 0.378985
v -0.846484 0.026798 0.399343
v -0.668793 0.067197 0.378985
v 0.240056 0.941686 0.457754
v 0.207852 0.925926 -0.003547
v 0.239906 0.940583 -0.464679
v 0.314668 0.648223 0.424645
v 0.281548 0.639377 -0.002780
v 0.314556 0.647403 -0.430074
v 0.401579 0.385354 0.381146
v 0.373283 0.371026 -0.001884
v 0.401501 0.384782 -0.384890
v 0.542860 0.971609 -1.051782
v 0.775475 0.967690 -1.106283
v 0.999763 0.966760 -1.022005
v 0.590758 0.655807 -0.992813
v 0.799785 0.650945 -1.058370
v 1.005796 0.654807 -0.982743
v 0.637427 0.385833 -0.882872
v 0.820982 0.372473 -0.945236
v 1.002266 0.386177 -0.880551
v 0.999901 0.967772 1.019681
v 0.775683 0.969218 1.102587
v 0.543119 0.973509 1.046653
v 1.005904 0.655602 0.980913
v 0.799947 0.652128 1.055467
v 0.590955 0.657249 0.988787
v 1.002339 0.386714 0.879311
v 0.821090 0.373264 0.943260
v 0.637560 0.386812 0.880052
v -0.999902 0.967775 -1.019704
v -0.775694 0.969243 -1.102764
v -0.543155 0.973608 -1.047253
v -1.005905 0.655607 -0.980929
v -0.799955 0.652168 -1.055598
v -0.590981 0.657390 -0.989227
v -1.002340 0.386719 -0.879323
v -0.821095 0.373303 -0.943353
v -0.637579 0.386941 -0.880360
v -0.240214 0.942482 -0.460375
v -0.208087 0.927331 -0.000364
v -0.240204 0.942555 0.459723
v -0.314782 0.648959 -0.426547
v -0.281722 0.640557 -0.000106
v -0.314779 0.648979 0.426358
v -0.401654 0.385887 -0.382385
v -0.373397 0.371852 -0.000013
v -0.401653 0.385890 0.382361
v -1.293860 0.967492 0.434678
v -1.331300 0.966976 -0.000000
v -1.293860 0.967492 -0.434678
v -1.280002 0.655509 0.418188
v -1.315129 0.651379 -0.000000
v -1.280002 0.655509 -0.418188
v -1.238002 0.386706 0.381340
v -1.268411 0.373205 -0.000000
v -1.238002 0.386706 -0.381340
v -0.067865 1.559482 -1.159207
v -0.094344 1.868319 -1.313673
v -0.125426 2.226772 -1.212194
v 0.002754 1.577783 -1.132068
v 0.000646 1.869361 -1.287674
v -0.000470 2.227698 -1.209965
v 0.074276 1.565529 -1.146555
v 0.088884 1.863828 -1.311895
v 0.123618 2.226314 -1.224111
v -0.990380 1.572301 -1.036001
v -0.988671 1.864261 -1.038938
v -0.979016 2.199359 -1.030238
v -0.791910 1.559352 -1.239362
v -0.799606 1.873831 -1.256375
v -0.748382 2.207929 -1.162334
v -0.487370 1.507660 -1.367743
v -0.527799 1.880613 -1.429125
v -0.504775 2.219217 -1.231789
v 0.118242 1.635479 1.059395
v 0.124052 1.888824 1.158689
v 0.126140 2.226519 1.193718
v -0.000022 1.653319 1.047020
v -0.000006 1.894383 1.154663
v -0.000001 2.228447 1.193215
v -0.118281 1.635553 1.059562
v -0.124063 1.888844 1.158735
v -0.126141 2.226522 1.193724
v 0.983160 1.572542 1.028100
v 0.980007 1.863917 1.029483
v 0.978886 2.199361 1.030068
v 0.745967 1.574803 1.132358
v 0.743280 1.866821 1.143428
v 0.742614 2.206917 1.148107
v 0.496391 1.581159 1.139703
v 0.498004 1.871176 1.176062
v 0.499243 2.214654 1.190427
v -0.496404 1.581226 1.139855
v -0.498008 1.871197 1.176109
v -0.499244 2.214657 1.190433
v -0.745971 1.574825 1.132408
v -0.743282 1.866828 1.143444
v -0.742614 2.206918 1.148109
v -0.983160 1.572545 1.028106
v -0.980007 1.863918 1.029485
v -0.978886 2.199362 1.030069
v 1.292208 1.571661 -0.437547
v 1.291410 1.860669 -0.437435
v 1.291121 2.189202 -0.437298
v 1.331543 1.571773 -0.000152
v 1.331085 1.860414 -0.000119
v 1.330918 2.188004 -0.000078
v 1.292237 1.571878 0.437015
v 1.291433 1.860840 0.437019
v 1.291137 2.189314 0.437024
v 0.454564 1.471643 -1.397388
v 0.492548 1.870864 -1.520930
v 0.505347 2.226594 -1.285216
v 0.815745 1.528690 -1.316904
v 0.841463 1.870360 -1.362208
v 0.766226 2.213294 -1.209024
v 1.020033 1.567983 -1.070009
v 1.027180 1.864043 -1.079341
v 0.988116 2.199498 -1.041778
v -1.292239 1.571887 0.437034
v -1.291434 1.860846 0.437034
v -1.291137 2.189319 0.437034
v -1.331552 1.571839 -0.000000
v -1.331092 1.860467 0.000000
v -1.330923 2.188038 0.000000
v -1.292239 1.571887 -0.437034
v -1.291434 1.860846 -0.437034
v -1.291137 2.189319 -0.437034
v 0.130885 4.306245 0.923977
v 0.241845 4.180234 0.817596
v 0.315985 3.991647 0.746515
v 0.342020 3.769192 0.721554
v 0.315985 3.546738 0.746515
v 0.241845 3.358150 0.817596
v 0.130885 3.232140 0.923977
v 0.245984 4.306245 0.947166
v 0.454519 4.180234 0.860443
v 0.593858 3.991647 0.802497
v 0.642788 3.769192 0.782149
v 0.593858 3.546738 0.802497
v 0.454519 3.358150 0.860443
v 0.245984 3.232140 0.947166
v 0.331414 4.306245 0.982693
v 0.612372 4.180234 0.926089
v 0.800103 3.991647 0.888267
v 0.866025 3.769192 0.874986
v 0.800103 3.546738 0.888267
v 0.612372 3.358150 0.926089
v 0.331414 3.232140 0.982693
v 0.376870 4.306245 1.026274
v 0.696364 4.180234 1.006615
v 0.909844 3.991647 0.993480
v 0.984808 3.769192 0.988867
v 0.909844 3.546738 0.993480
v 0.696364 3.358150 1.006615
v 0.376870 3.232140 1.026274
v 0.376870 4.306245 1.072651
v 0.696364 4.180234 1.092309
v 0.909844 3.991647 1.105445
v 0.984808 3.769192 1.110057
v 0.909844 3.546738 1.105445
v 0.696364 3.358150 1.092309
v 0.376870 3.232140 1.072651
v 0.331414 4.306245 1.116231
v 0.612372 4.180234 1.172836
v 0.800103 3.991647 1.210657
v 0.866025 3.769192 1.223939
v 0.800103 3.546738 1.210657
v 0.612372 3.358150 1.172836
v 0.331414 3.232140 1.116231
v 0.245984 4.306245 1.151759
v 0.454520 4.180234 1.238481
v 0.593858 3.991647 1.296427
v 0.642788 3.769192 1.316776
v 0.593858 3.546738 1.296427
v 0.454520 3.358150 1.238481
v 0.245984 3.232140 1.151759
v 0.130885 4.306245 1.174947
v 0.241845 4.180234 1.281328
v 0.315986 3.991647 1.352410
v 0.342020 3.769192 1.377370
v 0.315986 3.546738 1.352410
v 0.241845 3.358150 1.281328
v 0.130885 3.232140 1.174947
v 0.000000 4.306245 1.183001
v 0.000000 4.180234 1.296209
v 0.000000 3.991647 1.371853
v 0.000000 3.769192 1.398415
v 0.000000 3.546738 1.371853
v 0.000000 3.358150 1.296209
v 0.000000 3.232140 1.183001
v -0.130885 4.306245 1.174947
v -0.241845 4.180234 1.281328
v -0.315985 3.991647 1.352410
v -0.342020 3.769192 1.377371
v -0.315985 3.546738 1.352410
v -0.241845 3.358150 1.281328
v -0.130885 3.232140 1.174947
v -0.245984 4.306245 1.151759
v -0.454519 4.180234 1.238481
v -0.593858 3.991647 1.296428
v -0.642787 3.769192 1.316776
v -0.593858 3.546738 1.296428
v -0.454519 3.358150 1.238481
v -0.245984 3.232140 1.151759
v -0.331414 4.306245 1.116232
v -0.612372 4.180234 1.172836
v -0.800103 3.991647 1.210657
v -0.866025 3.769192 1.223939
v -0.800103 3.546738 1.210657
v -0.612372 3.358150 1.172836
v -0.331414 3.232140 1.116232
v 0.000000 4.350494 1.049462
v -0.376870 4.306245 1.072651
v -0.696364 4.180234 1.092309
v -0.909844 3.991647 1.105445
v -0.984808 3.769192 1.110057
v -0.909844 3.546738 1.105445
v -0.696364 3.358150 1.092309
v -0.376870 3.232140 1.072651
v 0.000000 3.187891 1.049462
v -0.376870 4.306245 1.026274
v -0.696364 4.180234 1.006615
v -0.909844 3.991647 0.993480
v -0.984808 3.769192 0.988867
v -0.909844 3.546738 0.993480
v -0.696364 3.358150 1.006615
v -0.376870 3.232140 1.026274
v -0.331414 4.306245 0.982693
v -0.612372 4.180234 0.926089
v -0.800103 3.991647 0.888267
v -0.866025 3.769192 0.874986
v -0.800103 3.546738 0.888267
v -0.612372 3.358150 0.926089
v -0.331414 3.232140 0.982693
v -0.245984 4.306245 0.947166
v -0.454520 4.180234 0.860443
v -0.593858 3.991647 0.802497
v -0.642788 3.769192 0.782149
v -0.593858 3.546738 0.802497
v -0.454520 3.358150 0.860443
v -0.245984 3.232140 0.947166
v -0.130886 4.306245 0.923977
v -0.241845 4.180234 0.817596
v -0.315986 3.991647 0.746515
v -0.342020 3.769192 0.721554
v -0.315986 3.546738 0.746515
v -0.241845 3.358150 0.817596
v -0.130886 3.232140 0.923977
v -0.000000 4.306245 0.915924
v -0.000000 4.180234 0.802716
v -0.000000 3.991647 0.727072
v -0.000000 3.769192 0.700510
v -0.000000 3.546738 0.727072
v -0.000000 3.358150 0.802716
v -0.000000 3.232140 0.915924
v -0.688465 2.486978 -1.054375
v -0.688465 4.586852 -1.054375
v -0.688465 2.486978 -1.631863
v -0.688465 4.586852 -1.631863
v 0.780860 2.486978 -1.054375
v 0.780860 4.586852 -1.054375
v 0.780860 2.486978 -1.631863
v 0.780860 4.586852 -1.631863
v -0.710525 4.108550 -1.003374
v -0.710525 4.108550 -1.645027
v 0.790640 4.108550 -1.645027
v 0.790640 4.108550 -1.003374
v -0.710525 2.917164 -1.645027
v 0.790640 2.917164 -1.645027
v 0.790640 2.917164 -1.003374
v -0.710525 2.917164 -1.003374
v -0.336922 2.464349 -1.645028
v -0.336922 4.616355 -1.645028
v -0.336922 2.464349 -1.003374
v -0.336922 4.616355 -1.003374
v -0.336922 4.108550 -0.901374
v -0.336922 4.108550 -1.671357
v -0.336922 2.917164 -1.671357
v -0.336922 2.917164 -0.901374
v 0.515267 4.616355 -1.645028
v 0.515267 2.464349 -1.003374
v 0.515267 4.108550 -1.671357
v 0.515267 2.917164 -1.671357
v 0.515267 2.464349 -1.645028
v 0.515267 4.616355 -1.003374
v 0.515267 4.108550 -0.901374
v 0.515267 2.917164 -0.901374
v -0.710525 2.464349 -1.437707
v -0.710525 4.616355 -1.437707
v 0.790640 2.464349 -1.437707
v 0.790640 4.616355 -1.437707
v 0.810202 4.108550 -1.437707
v -0.754643 4.108550 -1.437707
v -0.754643 2.917164 -1.437707
v 0.810202 2.917164 -1.437707
v -0.336922 4.675361 -1.437707
v -0.336922 2.419090 -1.437707
v 0.515267 4.675361 -1.437707
v 0.515267 2.419090 -1.437707
v -0.706746 2.468225 -1.217278
v -0.706746 4.460546 -1.012110
v -0.706746 4.611301 -1.577911
v -0.706746 2.591772 -1.642772
v -0.594787 2.468225 -1.642772
v 0.725609 4.611301 -1.642772
v 0.788965 2.591772 -1.642772
v 0.788965 2.468225 -1.577911
v 0.788965 4.611301 -1.217278
v 0.788965 2.591772 -1.012110
v 0.725609 2.468225 -1.012110
v -0.594787 4.611301 -1.012110
v -0.710525 3.507701 -1.003374
v -0.706746 4.460546 -1.642772
v 0.788965 4.460546 -1.642772
v 0.788965 4.460546 -1.012110
v -0.597646 4.108550 -0.914124
v 0.807756 4.108550 -1.210667
v 0.726877 4.108550 -1.668066
v -0.749129 4.108550 -1.579618
v -0.710525 3.507701 -1.645027
v 0.790640 3.507701 -1.645027
v 0.790640 3.507701 -1.003374
v -0.706746 2.591772 -1.012110
v -0.749129 2.917164 -1.579618
v 0.726877 2.917164 -1.668066
v 0.807756 2.917164 -1.210667
v -0.597646 2.917164 -0.914124
v 0.098381 2.464349 -1.645027
v -0.594787 4.611301 -1.642772
v -0.594787 2.468225 -1.012110
v 0.098381 4.616355 -1.003374
v 0.098381 4.108550 -0.901374
v -0.597646 4.108550 -1.668066
v -0.597646 2.917164 -1.668066
v 0.098381 2.917164 -0.901374
v -0.336922 2.588839 -0.914124
v -0.336922 2.588839 -1.668066
v -0.336922 3.507701 -1.671357
v -0.336922 3.507701 -0.901374
v -0.336922 4.667985 -1.210667
v -0.336922 2.424747 -1.210667
v -0.336922 4.464370 -0.914124
v -0.336922 4.464370 -1.668066
v 0.098381 4.616355 -1.645027
v 0.098381 2.464349 -1.003374
v 0.098381 4.108550 -1.671357
v 0.098381 2.917164 -1.671357
v 0.725609 2.468225 -1.642772
v 0.725609 4.611301 -1.012110
v 0.726877 4.108550 -0.914124
v 0.726877 2.917164 -0.914124
v 0.515267 4.464370 -0.914124
v 0.515267 4.667985 -1.210667
v 0.515267 3.507701 -0.901374
v 0.515267 2.588839 -0.914124
v 0.515267 2.588839 -1.668066
v 0.515267 3.507701 -1.671357
v 0.515267 2.424747 -1.210667
v 0.515267 4.464370 -1.668066
v -0.706746 2.468225 -1.577911
v -0.706746 4.611301 -1.217278
v 0.788965 2.468225 -1.217278
v 0.788965 4.611301 -1.577911
v 0.807756 4.108550 -1.579618
v -0.749129 4.108550 -1.210667
v -0.749129 2.917164 -1.210667
v 0.807756 2.917164 -1.579618
v -0.336922 4.667985 -1.579618
v -0.336922 2.424748 -1.579618
v 0.515267 4.667985 -1.579618
v 0.515267 2.424748 -1.579618
v 0.098381 2.419091 -1.437707
v 0.726877 4.667985 -1.437707
v -0.597646 2.424748 -1.437707
v 0.098381 4.675361 -1.437707
v 0.807756 2.588839 -1.437707
v -0.749129 2.588839 -1.437707
v -0.754643 3.507701 -1.437707
v 0.810202 3.507701 -1.437707
v -0.597646 4.667985 -1.437707
v 0.726877 2.424748 -1.437707
v 0.807756 4.464370 -1.437707
v -0.749129 4.464370 -1.437707
v -0.743818 4.463414 -1.579191
v 0.726560 4.463414 -1.664897
v 0.805402 4.463414 -1.212320
v -0.596932 4.463414 -0.926402
v 0.726560 2.430195 -1.212320
v -0.596932 4.660883 -1.212320
v -0.597646 3.507701 -0.914124
v 0.807756 3.507701 -1.210667
v 0.726877 3.507701 -1.668066
v -0.749129 3.507701 -1.579618
v -0.743818 2.589572 -1.579191
v 0.726560 2.589572 -1.664897
v 0.805402 2.589572 -1.212320
v -0.596932 2.589572 -0.926402
v 0.098381 2.588839 -0.914124
v -0.596931 2.589572 -1.664897
v -0.597646 3.507701 -1.668066
v 0.098381 3.507701 -0.901374
v 0.098381 4.667986 -1.210667
v -0.596932 2.430195 -1.212320
v 0.098381 4.464370 -0.914124
v -0.596932 4.463414 -1.664897
v 0.726560 4.463414 -0.926402
v 0.726560 4.660883 -1.212320
v 0.726877 3.507701 -0.914124
v 0.726560 2.589572 -0.926401
v 0.098381 2.588839 -1.668066
v 0.098381 3.507701 -1.671357
v 0.098381 2.424747 -1.210667
v 0.098381 4.464370 -1.668066
v 0.098381 2.424748 -1.579618
v 0.726560 4.660883 -1.579191
v -0.596932 2.430196 -1.579191
v 0.098381 4.667986 -1.579618
v 0.805402 2.589572 -1.579191
v -0.743818 2.589572 -1.212320
v -0.749129 3.507701 -1.210667
v 0.807757 3.507701 -1.579618
v -0.596932 4.660883 -1.579191
v 0.726560 2.430196 -1.579191
v 0.805402 4.463414 -1.579191
v -0.743818 4.463414 -1.212320
vn -0.9951 0.0394 0.0906
vn -0.9895 0.1121 0.0913
vn -0.9951 0.0394 -0.0906
vn -0.9895 0.1121 -0.0913
vn -0.9497 0.0068 0.3130
vn -0.9493 0.0448 0.3112
vn -0.9442 0.1235 0.3053
vn -0.9282 0.2393 0.2848
vn -0.9640 0.2481 0.0951
vn -0.9640 0.2481 -0.0951
vn -0.9282 0.2393 -0.2848
vn -0.9442 0.1235 -0.3053
vn -0.9493 0.0448 -0.3112
vn -0.9497 0.0068 -0.3130
vn -0.9959 0.0061 -0.0907
vn -0.9959 0.0061 0.0907
vn 0.1875 0.0703 -0.9798
vn 0.2220 0.1950 -0.9553
vn 0.4577 0.0666 -0.8866
vn 0.4865 0.1842 -0.8541
vn 0.0307 0.0122 -0.9995
vn 0.0406 0.0700 -0.9967
vn 0.0752 0.1940 -0.9781
vn 0.1605 0.4246 -0.8910
vn 0.3109 0.4189 -0.8531
vn 0.5529 0.3787 -0.7423
vn 0.7718 0.2944 -0.5636
vn 0.7772 0.1539 -0.6102
vn 0.7710 0.0565 -0.6343
vn 0.7681 0.0089 -0.6403
vn 0.4502 0.0110 -0.8928
vn 0.1786 0.0121 -0.9838
vn 0.9951 0.0394 -0.0906
vn 0.9895 0.1121 -0.0913
vn 0.9951 0.0394 0.0906
vn 0.9895 0.1121 0.0913
vn 0.9498 0.0069 -0.3129
vn 0.9493 0.0448 -0.3112
vn 0.9442 0.1235 -0.3053
vn 0.9282 0.2393 -0.2848
vn 0.9640 0.2481 -0.0951
vn 0.9640 0.2481 0.0951
vn 0.9282 0.2393 0.2848
vn 0.9442 0.1235 0.3053
vn 0.9493 0.0448 0.3112
vn 0.9497 0.0068 0.3130
vn 0.9959 0.0061 0.0907
vn 0.9959 0.0061 -0.0907
vn -0.1871 0.0698 0.9799
vn -0.2219 0.1948 0.9554
vn -0.4574 0.0663 0.8868
vn -0.4864 0.1841 0.8541
vn -0.0302 0.0110 0.9995
vn -0.0404 0.0695 0.9968
vn -0.0751 0.1938 0.9782
vn -0.1605 0.4246 0.8910
vn -0.3109 0.4189 0.8531
vn -0.5529 0.3786 0.7423
vn -0.7718 0.2944 0.5636
vn -0.7771 0.1538 0.6103
vn -0.7709 0.0564 0.6344
vn -0.7678 0.0086 0.6406
vn -0.4495 0.0103 0.8932
vn -0.1778 0.0110 0.9840
vn 0.2656 -0.1870 0.9458
vn -0.3424 -0.1109 0.9330
vn 0.3054 -0.3876 0.8698
vn -0.3307 -0.3340 0.8827
vn 0.6449 -0.2507 0.7219
vn 0.1764 -0.1059 0.9786
vn -0.3577 -0.0172 0.9337
vn -0.7741 0.0058 0.6330
vn -0.7810 -0.0695 0.6207
vn -0.7709 -0.2404 0.5898
vn -0.6979 -0.4874 0.5248
vn -0.2946 -0.6622 0.6890
vn 0.2845 -0.6865 0.6691
vn 0.6600 -0.5635 0.4969
vn 0.7316 -0.3712 0.5718
vn 0.7296 -0.2557 0.6343
vn -0.5122 0.8382 -0.1873
vn -0.6984 0.6983 -0.1568
vn -0.5122 0.8382 0.1873
vn -0.6984 0.6983 0.1568
vn -0.2956 0.7362 -0.6088
vn -0.4415 0.6987 -0.5629
vn -0.6480 0.5974 -0.4725
vn -0.8212 0.4521 -0.3483
vn -0.8699 0.4788 -0.1184
vn -0.8699 0.4788 0.1184
vn -0.8212 0.4521 0.3483
vn -0.6480 0.5974 0.4725
vn -0.4415 0.6987 0.5629
vn -0.2956 0.7362 0.6088
vn -0.3788 0.9022 0.2061
vn -0.3788 0.9022 -0.2061
vn 0.6984 0.6983 -0.1568
vn 0.5122 0.8382 -0.1873
vn 0.6984 0.6983 0.1568
vn 0.5122 0.8382 0.1873
vn 0.8212 0.4521 -0.3483
vn 0.6480 0.5974 -0.4725
vn 0.4415 0.6987 -0.5629
vn 0.2956 0.7362 -0.6088
vn 0.3788 0.9022 -0.2061
vn 0.3788 0.9022 0.2061
vn 0.2956 0.7362 0.6088
vn 0.4415 0.6987 0.5629
vn 0.6480 0.5974 0.4725
vn 0.8212 0.4521 0.3483
vn 0.8699 0.4788 0.1184
vn 0.8699 0.4788 -0.1184
vn 0.1310 0.9649 -0.2277
vn -0.1310 0.9649 -0.2277
vn 0.1310 0.9649 0.2277
vn -0.1310 0.9649 0.2277
vn 0.2246 0.7443 -0.6290
vn 0.0959 0.7568 -0.6466
vn -0.0959 0.7568 -0.6466
vn -0.2246 0.7443 -0.6290
vn -0.3002 0.9289 -0.2168
vn -0.3002 0.9289 0.2168
vn -0.2246 0.7443 0.6290
vn -0.0959 0.7568 0.6466
vn 0.0959 0.7568 0.6466
vn 0.2246 0.7443 0.6290
vn 0.3002 0.9289 0.2168
vn 0.3002 0.9289 -0.2168
vn 0.9951 -0.0499 -0.0849
vn 0.9951 -0.0498 0.0849
vn 0.9827 -0.1651 -0.0841
vn 0.9827 -0.1651 0.0842
vn 0.9537 0.0024 -0.3008
vn 0.9962 -0.0021 -0.0869
vn 0.9962 -0.0020 0.0869
vn 0.9535 0.0025 0.3012
vn 0.9544 -0.0535 0.2937
vn 0.9413 -0.1821 0.2842
vn 0.8873 -0.3805 0.2607
vn 0.9154 -0.3932 0.0863
vn 0.9154 -0.3932 -0.0862
vn 0.8873 -0.3806 -0.2603
vn 0.9414 -0.1822 -0.2838
vn 0.9545 -0.0536 -0.2933
vn 0.5133 -0.8558 -0.0641
vn -0.5222 -0.8504 -0.0634
vn 0.5158 -0.8543 0.0651
vn -0.5199 -0.8517 0.0653
vn 0.7887 -0.5745 -0.2189
vn 0.4500 -0.8692 -0.2049
vn -0.4302 -0.8775 -0.2119
vn -0.7887 -0.5700 -0.2303
vn -0.8892 -0.4532 -0.0623
vn -0.8889 -0.4536 0.0637
vn -0.7827 -0.5652 0.2606
vn -0.4249 -0.8721 0.2429
vn 0.4239 -0.8725 0.2428
vn 0.7828 -0.5652 0.2604
vn 0.8887 -0.4542 0.0633
vn 0.8883 -0.4550 -0.0631
vn 0.4574 0.0663 0.8868
vn 0.4864 0.1841 0.8541
vn 0.1871 0.0698 0.9799
vn 0.2219 0.1948 0.9554
vn 0.7678 0.0086 0.6406
vn 0.7709 0.0564 0.6344
vn 0.7771 0.1538 0.6103
vn 0.7718 0.2944 0.5636
vn 0.5529 0.3786 0.7423
vn 0.3109 0.4189 0.8531
vn 0.1605 0.4246 0.8910
vn 0.0751 0.1938 0.9782
vn 0.0404 0.0695 0.9968
vn 0.0302 0.0110 0.9995
vn 0.1778 0.0110 0.9840
vn 0.4495 0.0103 0.8932
vn 0.0040 0.0675 0.9977
vn 0.0161 0.1885 0.9819
vn -0.0040 0.0675 0.9977
vn -0.0161 0.1885 0.9819
vn 0.0009 0.0108 0.9999
vn 0.0096 0.0682 0.9976
vn 0.0386 0.1904 0.9810
vn 0.1092 0.4201 0.9009
vn 0.0457 0.4184 0.9071
vn -0.0457 0.4184 0.9071
vn -0.1092 0.4201 0.9009
vn -0.0386 0.1904 0.9810
vn -0.0096 0.0682 0.9976
vn -0.0009 0.0108 0.9999
vn -0.0004 0.0107 0.9999
vn 0.0004 0.0107 0.9999
vn -0.4574 0.0663 -0.8868
vn -0.4864 0.1841 -0.8541
vn -0.1872 0.0698 -0.9798
vn -0.2220 0.1948 -0.9554
vn -0.7678 0.0086 -0.6406
vn -0.7709 0.0564 -0.6344
vn -0.7771 0.1538 -0.6103
vn -0.7718 0.2944 -0.5636
vn -0.5529 0.3786 -0.7423
vn -0.3109 0.4189 -0.8531
vn -0.1605 0.4246 -0.8910
vn -0.0752 0.1938 -0.9781
vn -0.0407 0.0696 -0.9967
vn -0.0309 0.0112 -0.9995
vn -0.1781 0.0110 -0.9840
vn -0.4496 0.0103 -0.8932
vn -0.0047 0.0679 -0.9977
vn -0.0162 0.1886 -0.9819
vn 0.0035 0.0680 -0.9977
vn 0.0159 0.1887 -0.9819
vn -0.0022 0.0113 -0.9999
vn -0.0101 0.0684 -0.9976
vn -0.0387 0.1904 -0.9809
vn -0.1092 0.4201 -0.9009
vn -0.0457 0.4184 -0.9071
vn 0.0457 0.4184 -0.9071
vn 0.1092 0.4202 -0.9009
vn 0.0386 0.1906 -0.9809
vn 0.0095 0.0688 -0.9976
vn 0.0005 0.0120 -0.9999
vn -0.0011 0.0117 -0.9999
vn -0.0022 0.0115 -0.9999
vn -0.2294 -0.9676 -0.1052
vn 0.2386 -0.9650 -0.1089
vn -0.2300 -0.9674 0.1058
vn 0.2383 -0.9650 0.1093
vn -0.5944 -0.7555 -0.2755
vn -0.2419 -0.9049 -0.3502
vn 0.2531 -0.8972 -0.3619
vn 0.6371 -0.7123 -0.2945
vn 0.6654 -0.7400 -0.0983
vn 0.6653 -0.7400 0.0985
vn 0.6368 -0.7123 0.2951
vn 0.2520 -0.8971 0.3629
vn -0.2438 -0.9040 0.3512
vn -0.5960 -0.7539 0.2763
vn -0.6190 -0.7800 0.0920
vn -0.6185 -0.7805 -0.0912
vn -0.2381 -0.9651 -0.1092
vn 0.2304 -0.9673 -0.1057
vn -0.2382 -0.9651 0.1092
vn 0.2304 -0.9673 0.1057
vn -0.6368 -0.7123 -0.2951
vn -0.2520 -0.8971 -0.3629
vn 0.2439 -0.9040 -0.3512
vn 0.5961 -0.7539 -0.2763
vn 0.6196 -0.7796 -0.0917
vn 0.6196 -0.7796 0.0917
vn 0.5961 -0.7539 0.2763
vn 0.2439 -0.9040 0.3512
vn -0.2520 -0.8971 0.3628
vn -0.6368 -0.7123 0.2951
vn -0.6653 -0.7401 0.0985
vn -0.6653 -0.7401 -0.0985
vn -0.9648 -0.2510 0.0779
vn -0.9648 -0.2516 -0.0771
vn -0.9428 -0.3235 0.0807
vn -0.9426 -0.3241 -0.0799
vn -0.9152 -0.2922 0.2774
vn -0.9592 -0.2734 0.0714
vn -0.9592 -0.2737 -0.0704
vn -0.9126 -0.3127 -0.2632
vn -0.9219 -0.2657 -0.2820
vn -0.8995 -0.3411 -0.2729
vn -0.8360 -0.4901 -0.2466
vn -0.8607 -0.5025 -0.0811
vn -0.8610 -0.5019 0.0819
vn -0.8369 -0.4883 0.2472
vn -0.9001 -0.3392 0.2734
vn -0.9223 -0.2640 0.2822
vn -0.2611 -0.1897 -0.9465
vn 0.3468 -0.1124 -0.9312
vn -0.3015 -0.3910 -0.8696
vn 0.3343 -0.3358 -0.8806
vn -0.6733 -0.3494 -0.6516
vn -0.1265 -0.2587 -0.9576
vn 0.4276 -0.0920 -0.8993
vn 0.7832 -0.0054 -0.6218
vn 0.7822 -0.0700 -0.6191
vn 0.7719 -0.2411 -0.5883
vn 0.6986 -0.4878 -0.5235
vn 0.2970 -0.6633 -0.6869
vn -0.2812 -0.6891 -0.6679
vn -0.6580 -0.5663 -0.4963
vn -0.7301 -0.3743 -0.5717
vn -0.7281 -0.2585 -0.6348
vn 0.3421 -0.1109 0.9331
vn -0.2665 -0.1871 0.9455
vn 0.3304 -0.3340 0.8828
vn -0.3062 -0.3875 0.8695
vn 0.7741 0.0058 0.6330
vn 0.3573 -0.0173 0.9338
vn -0.1773 -0.1061 0.9784
vn -0.6456 -0.2510 0.7213
vn -0.7302 -0.2556 0.6336
vn -0.7321 -0.3710 0.5714
vn -0.6603 -0.5633 0.4968
vn -0.2849 -0.6865 0.6690
vn 0.2944 -0.6623 0.6890
vn 0.6978 -0.4874 0.5249
vn 0.7709 -0.2405 0.5898
vn 0.7809 -0.0695 0.6207
vn -0.3426 -0.1109 -0.9329
vn 0.2652 -0.1873 -0.9458
vn -0.3307 -0.3340 -0.8827
vn 0.3053 -0.3877 -0.8697
vn -0.7744 0.0055 -0.6327
vn -0.3899 -0.0430 -0.9199
vn 0.1134 -0.2032 -0.9725
vn 0.6609 -0.3478 -0.6650
vn 0.7293 -0.2562 -0.6345
vn 0.7315 -0.3714 -0.5718
vn 0.6600 -0.5635 -0.4969
vn 0.2845 -0.6866 -0.6691
vn -0.2946 -0.6622 -0.6890
vn -0.6979 -0.4874 -0.5248
vn -0.7709 -0.2405 -0.5898
vn -0.7810 -0.0695 -0.6207
vn 0.9649 -0.2510 -0.0776
vn 0.9649 -0.2508 0.0776
vn 0.9429 -0.3233 -0.0804
vn 0.9429 -0.3232 0.0805
vn 0.9113 -0.3213 -0.2577
vn 0.9592 -0.2736 -0.0711
vn 0.9593 -0.2733 0.0711
vn 0.9152 -0.2921 0.2776
vn 0.9222 -0.2640 0.2825
vn 0.9001 -0.3393 0.2735
vn 0.8370 -0.4882 0.2472
vn 0.8613 -0.5014 0.0816
vn 0.8613 -0.5014 -0.0816
vn 0.8370 -0.4883 -0.2472
vn 0.9000 -0.3394 -0.2735
vn 0.9221 -0.2644 -0.2825
vn -0.9951 -0.0498 0.0849
vn -0.9951 -0.0498 -0.0849
vn -0.9827 -0.1651 0.0842
vn -0.9827 -0.1651 -0.0842
vn -0.9535 0.0025 0.3013
vn -0.9962 -0.0021 0.0869
vn -0.9962 -0.0021 -0.0869
vn -0.9535 0.0025 -0.3013
vn -0.9544 -0.0535 -0.2937
vn -0.9413 -0.1821 -0.2842
vn -0.8873 -0.3805 -0.2607
vn -0.9154 -0.3932 -0.0863
vn -0.9154 -0.3932 0.0863
vn -0.8873 -0.3805 0.2607
vn -0.9413 -0.1821 0.2842
vn -0.9544 -0.0535 0.2937
vn 0.3213 -0.4224 -0.8476
vn 0.1212 0.2459 -0.9617
vn -0.2572 -0.4576 -0.8511
vn -0.1659 0.2280 -0.9594
vn 0.6353 -0.7114 -0.3005
vn 0.5267 -0.2953 -0.7971
vn 0.2709 0.3569 -0.8940
vn 0.0501 0.0476 -0.9976
vn 0.0072 0.0255 -0.9996
vn -0.0567 0.0381 -0.9977
vn -0.1059 0.0923 -0.9901
vn -0.3941 0.3333 -0.8565
vn -0.6104 -0.3427 -0.7142
vn -0.6601 -0.6895 -0.2981
vn -0.3141 -0.8921 -0.3249
vn 0.3903 -0.8718 -0.2961
vn -0.7354 -0.0295 -0.6770
vn -0.6347 0.1734 -0.7531
vn -0.4671 -0.1324 -0.8742
vn -0.4011 0.4010 -0.8236
vn -0.7806 -0.0058 -0.6251
vn -0.7918 0.0017 -0.6108
vn -0.7810 0.0203 -0.6242
vn -0.7677 0.0004 -0.6408
vn -0.4739 0.0175 -0.8804
vn -0.2297 0.0620 -0.9713
vn -0.0120 0.0781 -0.9969
vn 0.0772 0.4600 -0.8845
vn 0.2507 -0.2283 -0.9408
vn 0.3886 -0.7376 -0.5522
vn -0.2307 -0.5471 -0.8046
vn -0.5821 -0.1912 -0.7903
vn -0.0992 -0.3832 0.9183
vn -0.0212 -0.1088 0.9938
vn 0.0998 -0.3830 0.9183
vn 0.0214 -0.1087 0.9938
vn -0.5271 -0.5344 0.6608
vn -0.1807 -0.3001 0.9366
vn -0.0405 -0.0890 0.9952
vn -0.0045 -0.0097 0.9999
vn -0.0022 -0.0116 0.9999
vn 0.0022 -0.0116 0.9999
vn 0.0045 -0.0096 0.9999
vn 0.0406 -0.0888 0.9952
vn 0.1809 -0.2997 0.9367
vn 0.5273 -0.5339 0.6610
vn 0.2712 -0.7552 0.5967
vn -0.2705 -0.7555 0.5968
vn 0.4180 -0.0152 0.9083
vn 0.4402 -0.0058 0.8979
vn 0.0785 -0.0808 0.9936
vn 0.1509 -0.0277 0.9882
vn 0.7690 0.0118 0.6391
vn 0.7675 0.0051 0.6410
vn 0.7674 0.0015 0.6411
vn 0.7675 0.0002 0.6411
vn 0.4478 -0.0007 0.8941
vn 0.1740 -0.0031 0.9847
vn 0.0250 -0.0065 0.9997
vn -0.0078 -0.0587 0.9982
vn -0.1262 -0.1867 0.9743
vn -0.4267 -0.3389 0.8385
vn -0.0485 -0.1121 0.9925
vn 0.3852 -0.0130 0.9227
vn -0.0788 -0.0806 0.9936
vn -0.1510 -0.0276 0.9882
vn -0.4181 -0.0151 0.9083
vn -0.4403 -0.0058 0.8979
vn 0.4262 -0.3384 0.8389
vn 0.1260 -0.1863 0.9744
vn 0.0077 -0.0585 0.9983
vn -0.0250 -0.0065 0.9997
vn -0.1740 -0.0031 0.9847
vn -0.4478 -0.0007 0.8941
vn -0.7675 0.0002 0.6411
vn -0.7674 0.0015 0.6411
vn -0.7675 0.0051 0.6410
vn -0.7690 0.0118 0.6391
vn -0.3854 -0.0129 0.9227
vn 0.0480 -0.1118 0.9926
vn 0.9959 0.0022 -0.0900
vn 0.9959 0.0007 -0.0905
vn 0.9959 0.0022 0.0899
vn 0.9959 0.0007 0.0905
vn 0.9526 0.0050 -0.3042
vn 0.9526 0.0030 -0.3043
vn 0.9512 0.0060 -0.3086
vn 0.9498 0.0003 -0.3129
vn 0.9959 0.0001 -0.0907
vn 0.9959 0.0001 0.0907
vn 0.9497 0.0002 0.3131
vn 0.9499 0.0014 0.3126
vn 0.9504 0.0043 0.3109
vn 0.9516 0.0085 0.3073
vn 0.9960 0.0042 0.0888
vn 0.9960 0.0042 -0.0888
vn 0.3270 -0.2366 -0.9149
vn 0.3244 0.4820 -0.8139
vn 0.8046 -0.0917 -0.5867
vn 0.7141 0.2984 -0.6333
vn -0.4801 -0.7385 -0.4734
vn -0.4501 -0.3002 -0.8410
vn -0.2437 0.4774 -0.8442
vn -0.0400 0.1692 -0.9848
vn 0.2385 0.1770 -0.9549
vn 0.5321 0.0908 -0.8418
vn 0.7828 0.0174 -0.6221
vn 0.8408 0.0848 -0.5346
vn 0.8739 -0.0169 -0.4859
vn 0.8270 -0.0695 -0.5579
vn 0.6403 -0.3302 -0.6935
vn 0.1434 -0.6560 -0.7410
vn -0.9959 0.0022 0.0900
vn -0.9959 0.0007 0.0905
vn -0.9959 0.0022 -0.0900
vn -0.9959 0.0007 -0.0905
vn -0.9516 0.0085 0.3073
vn -0.9504 0.0043 0.3109
vn -0.9499 0.0014 0.3126
vn -0.9497 0.0002 0.3131
vn -0.9959 0.0001 0.0907
vn -0.9959 0.0001 -0.0907
vn -0.9497 0.0002 -0.3131
vn -0.9499 0.0014 -0.3126
vn -0.9504 0.0043 -0.3109
vn -0.9516 0.0085 -0.3073
vn -0.9960 0.0042 -0.0888
vn -0.9960 0.0042 0.0888
vn 0.0610 0.1183 -0.9911
vn 0.0457 0.6676 -0.7431
vn 0.0457 -0.6676 -0.7431
vn 0.0610 -0.1183 -0.9911
vn 0.0570 0.3717 -0.9266
vn 0.0193 0.9491 -0.3145
vn 0.0193 -0.9491 -0.3145
vn 0.0570 -0.3717 -0.9266
vn 0.1395 -0.7076 -0.6927
vn 0.1958 -0.1319 -0.9717
vn 0.1803 0.4082 -0.8949
vn 0.0563 0.9585 -0.2793
vn 0.0563 -0.9585 -0.2793
vn 0.1803 -0.4082 -0.8949
vn 0.1958 0.1319 -0.9717
vn 0.1395 0.7076 -0.6927
vn 0.0876 0.9736 -0.2106
vn 0.0876 -0.9736 -0.2106
vn 0.3340 -0.4935 -0.8031
vn 0.3786 0.1666 -0.9104
vn 0.2374 0.7859 -0.5710
vn 0.2374 -0.7859 -0.5710
vn 0.3786 -0.1666 -0.9104
vn 0.3340 0.4935 -0.8031
vn 0.5316 -0.6403 -0.5544
vn 0.6717 0.2409 -0.7006
vn 0.3267 0.8815 -0.3408
vn 0.3267 -0.8815 -0.3408
vn 0.6717 -0.2409 -0.7006
vn 0.5316 0.6403 -0.5544
vn 0.1090 0.9875 -0.1136
vn 0.1090 -0.9875 -0.1136
vn 0.3669 -0.9303 -0.0000
vn 0.9476 -0.3193 -0.0000
vn 0.6621 0.7494 -0.0000
vn 0.1166 0.9932 -0.0000
vn 0.1166 -0.9932 -0.0000
vn 0.6621 -0.7494 -0.0000
vn 0.9476 0.3193 -0.0000
vn 0.3669 0.9303 -0.0000
vn 0.6717 -0.2409 0.7006
vn 0.5316 0.6403 0.5544
vn 0.1090 0.9875 0.1136
vn 0.1090 -0.9875 0.1136
vn 0.5316 -0.6403 0.5544
vn 0.6717 0.2409 0.7006
vn 0.3267 0.8815 0.3408
vn 0.3267 -0.8815 0.3408
vn 0.0876 -0.9736 0.2106
vn 0.3340 -0.4935 0.8031
vn 0.3786 0.1666 0.9104
vn 0.2374 0.7859 0.5710
vn 0.2374 -0.7859 0.5710
vn 0.3786 -0.1666 0.9104
vn 0.3340 0.4935 0.8031
vn 0.0876 0.9736 0.2106
vn 0.1958 0.1319 0.9717
vn 0.1395 0.7076 0.6927
vn 0.1395 -0.7076 0.6927
vn 0.1958 -0.1319 0.9717
vn 0.1803 0.4082 0.8949
vn 0.0563 0.9585 0.2793
vn 0.0563 -0.9585 0.2793
vn 0.1803 -0.4082 0.8949
vn 0.0457 -0.6676 0.7431
vn 0.0610 -0.1183 0.9911
vn 0.0570 0.3717 0.9266
vn 0.0193 0.9491 0.3145
vn 0.0193 -0.9491 0.3145
vn 0.0570 -0.3717 0.9266
vn 0.0610 0.1183 0.9911
vn 0.0457 0.6676 0.7431
vn -0.0570 0.3717 0.9266
vn -0.0193 0.9491 0.3145
vn -0.0193 -0.9491 0.3145
vn -0.0570 -0.3717 0.9266
vn -0.0610 0.1183 0.9911
vn -0.0457 0.6676 0.7431
vn -0.0457 -0.6676 0.7431
vn -0.0610 -0.1183 0.9911
vn -0.0563 -0.9585 0.2793
vn -0.1803 -0.4082 0.8949
vn -0.1958 0.1319 0.9717
vn -0.1395 0.7076 0.6927
vn -0.1395 -0.7076 0.6927
vn -0.1958 -0.1319 0.9717
vn -0.1803 0.4082 0.8949
vn -0.0563 0.9585 0.2793
vn -0.2374 0.7859 0.5710
vn -0.2374 -0.7859 0.5710
vn -0.3786 -0.1666 0.9104
vn -0.3340 0.4935 0.8031
vn -0.0876 0.9736 0.2106
vn -0.0876 -0.9736 0.2106
vn -0.3340 -0.4935 0.8031
vn -0.3786 0.1666 0.9104
vn -0.3267 -0.8815 0.3408
vn -0.6717 -0.2409 0.7006
vn -0.5316 0.6403 0.5544
vn -0.1090 0.9875 0.1136
vn -0.1090 -0.9875 0.1136
vn -0.5316 -0.6403 0.5544
vn -0.6717 0.2409 0.7006
vn -0.3267 0.8815 0.3408
vn -0.1166 0.9932 -0.0000
vn -0.1166 -0.9932 -0.0000
vn -0.6621 -0.7494 -0.0000
vn -0.9476 0.3193 -0.0000
vn -0.3669 0.9303 -0.0000
vn -0.3669 -0.9303 -0.0000
vn -0.9476 -0.3193 -0.0000
vn -0.6621 0.7494 -0.0000
vn -0.5316 -0.6403 -0.5544
vn -0.6717 0.2409 -0.7006
vn -0.3267 0.8815 -0.3408
vn -0.3267 -0.8815 -0.3408
vn -0.6717 -0.2409 -0.7006
vn -0.5316 0.6403 -0.5544
vn -0.1090 0.9875 -0.1136
vn -0.1090 -0.9875 -0.1136
vn -0.2374 -0.7859 -0.5710
vn -0.3786 -0.1666 -0.9104
vn -0.3340 0.4935 -0.8031
vn -0.0876 0.9736 -0.2106
vn -0.0876 -0.9736 -0.2106
vn -0.3340 -0.4935 -0.8031
vn -0.3786 0.1666 -0.9104
vn -0.2374 0.7859 -0.5710
vn -0.1958 -0.1319 -0.9717
vn -0.1803 0.4082 -0.8949
vn -0.0563 0.9585 -0.2793
vn -0.0563 -0.9585 -0.2793
vn -0.1803 -0.4082 -0.8949
vn -0.1958 0.1319 -0.9717
vn -0.1395 0.7076 -0.6927
vn -0.1395 -0.7076 -0.6927
vn -0.0193 -0.9491 -0.3145
vn -0.0570 -0.3717 -0.9266
vn -0.0610 0.1183 -0.9911
vn -0.0457 0.6676 -0.7431
vn -0.0457 -0.6676 -0.7431
vn -0.0610 -0.1183 -0.9911
vn -0.0570 0.3717 -0.9266
vn -0.0194 0.9491 -0.3145
vn -0.9992 0.0152 -0.0382
vn -0.9689 0.2447 -0.0365
vn -0.8689 0.1956 -0.4547
vn -0.8623 0.0130 -0.5062
vn 0.0153 0.0091 -0.9998
vn 0.0148 0.1490 -0.9887
vn 0.2948 0.1239 -0.9475
vn 0.3372 0.0082 -0.9414
vn 0.9999 0.0068 0.0106
vn 0.9937 0.1114 0.0105
vn 0.9920 0.1017 0.0747
vn 0.9966 0.0069 0.0821
vn -0.0480 0.0352 0.9982
vn -0.0409 0.5037 0.8629
vn -0.5270 0.3914 0.7544
vn -0.6178 0.0273 0.7859
vn 0.0263 -0.9994 0.0245
vn 0.5245 -0.8512 0.0201
vn 0.4773 -0.8663 0.1474
vn 0.0263 -0.9820 0.1871
vn -0.0279 0.9991 0.0320
vn -0.4141 0.9098 0.0290
vn -0.3763 0.9034 0.2054
vn -0.0276 0.9701 0.2411
vn -0.0488 -0.0000 0.9988
vn -0.6202 -0.0000 0.7844
vn 0.9999 -0.0000 0.0108
vn 0.9966 -0.0000 0.0823
vn 0.0156 -0.0000 -0.9999
vn 0.3398 -0.0000 -0.9405
vn -0.9992 -0.0000 -0.0388
vn -0.8612 -0.0000 -0.5083
vn -0.9551 -0.2942 -0.0356
vn -0.9991 -0.0165 -0.0382
vn -0.8623 -0.0141 -0.5061
vn -0.8625 -0.2353 -0.4481
vn 0.0146 -0.1807 -0.9834
vn 0.0153 -0.0099 -0.9998
vn 0.3371 -0.0088 -0.9414
vn 0.2919 -0.1497 -0.9447
vn 0.9907 -0.1354 0.0104
vn 0.9999 -0.0073 0.0106
vn 0.9966 -0.0075 0.0821
vn 0.9897 -0.1229 0.0740
vn -0.0382 -0.5796 0.8140
vn -0.0480 -0.0381 0.9981
vn -0.6177 -0.0295 0.7859
vn -0.5064 -0.4589 0.7301
vn -0.0000 -0.5827 0.8127
vn -0.0000 -0.0388 0.9992
vn -0.1740 -0.1577 -0.9720
vn -0.1988 -0.0095 -0.9800
vn -0.0124 -0.0099 -0.9999
vn -0.0119 -0.1808 -0.9835
vn -0.2000 -0.0000 -0.9798
vn -0.0126 -0.0000 -0.9999
vn -0.0000 -0.0000 1.0000
vn -0.0000 0.9995 0.0325
vn -0.0000 0.9704 0.2417
vn -0.3295 -0.9439 0.0231
vn -0.0214 -0.9995 0.0246
vn -0.0214 -0.9821 0.1872
vn -0.3002 -0.9397 0.1638
vn -0.0000 0.0358 0.9994
vn -0.0000 0.5064 0.8623
vn -0.1989 0.0088 -0.9800
vn -0.1759 0.1307 -0.9757
vn -0.0121 0.1490 -0.9888
vn -0.0124 0.0091 -0.9999
vn 0.8111 0.0197 0.5846
vn 0.7323 0.3077 0.6075
vn 0.0502 0.5034 0.8626
vn 0.0591 0.0352 0.9976
vn 0.6261 0.7793 0.0240
vn 0.0343 0.9989 0.0320
vn 0.0339 0.9699 0.2410
vn 0.5741 0.7993 0.1773
vn 0.8137 -0.0000 0.5813
vn 0.0601 -0.0000 0.9982
vn 0.7141 -0.3662 0.5966
vn 0.8110 -0.0213 0.5846
vn 0.0591 -0.0381 0.9975
vn 0.0469 -0.5793 0.8138
vn -0.0000 -0.1820 -0.9833
vn -0.0000 -0.0100 -0.9999
vn -0.0000 -0.0000 -1.0000
vn -0.0000 -0.9997 0.0249
vn -0.0000 -0.9822 0.1876
vn -0.0000 0.0092 -1.0000
vn -0.0000 0.1499 -0.9887
vn -0.0000 -0.8554 -0.5179
vn -0.0000 -0.9992 -0.0398
vn 0.5003 0.7147 -0.4887
vn 0.0266 0.7864 -0.6172
vn 0.0342 0.9981 -0.0510
vn 0.6255 0.7793 -0.0381
vn -0.2644 -0.8496 -0.4564
vn -0.0181 -0.8565 -0.5158
vn -0.0213 -0.9990 -0.0392
vn -0.3291 -0.9436 -0.0365
vn -0.0000 0.7849 -0.6196
vn -0.0000 0.9987 -0.0519
vn 0.9678 -0.1170 -0.2229
vn 0.9677 -0.0070 -0.2518
vn 0.9998 -0.0073 -0.0170
vn 0.9907 -0.1353 -0.0164
vn -0.9505 -0.2661 0.1603
vn -0.9830 -0.0166 0.1826
vn -0.9996 -0.0166 0.0239
vn -0.9554 -0.2945 0.0225
vn -0.9831 -0.0000 0.1831
vn -0.9997 -0.0000 0.0243
vn 0.9674 -0.0000 -0.2532
vn 0.9999 -0.0000 -0.0172
vn -0.0217 0.7864 -0.6174
vn -0.3154 0.7773 -0.5444
vn -0.4135 0.9093 -0.0458
vn -0.0278 0.9983 -0.0511
vn 0.0222 -0.8565 -0.5156
vn 0.4294 -0.7998 -0.4195
vn 0.5240 -0.8511 -0.0319
vn 0.0263 -0.9989 -0.0392
vn 0.9677 0.0065 -0.2519
vn 0.9696 0.0968 -0.2249
vn 0.9937 0.1113 -0.0166
vn 0.9998 0.0068 -0.0170
vn -0.9831 0.0153 0.1827
vn -0.9612 0.2222 0.1632
vn -0.9693 0.2450 0.0231
vn -0.9996 0.0153 0.0239
vt 0.375000 1.000000
vt 0.375000 0.000000
vt 0.625000 0.000000
vt 0.625000 1.000000
vt 0.875000 0.750000
vt 0.385191 0.222222
vt 0.875000 0.500000
vt 0.625000 0.250000
vt 0.385191 0.722222
vt 0.625000 0.750000
vt 0.385191 0.527778
vt 0.625000 0.500000
vt 0.291667 0.500000
vt 0.375000 0.416667
vt 0.208333 0.500000
vt 0.375000 0.333333
vt 0.791667 0.500000
vt 0.625000 0.333333
vt 0.708333 0.500000
vt 0.625000 0.416667
vt 0.208333 0.750000
vt 0.375000 0.916667
vt 0.291667 0.750000
vt 0.375000 0.833333
vt 0.708333 0.750000
vt 0.625000 0.833333
vt 0.791667 0.750000
vt 0.625000 0.916667
vt 0.125000 0.500000
vt 0.375000 0.250000
vt 0.375000 1.000000
vt 0.125000 0.750000
vt 0.375000 0.000000
vt 0.375000 0.333333
vt 0.208333 0.500000
vt 0.375000 0.750000
vt 0.375000 0.500000
vt 0.291667 0.750000
vt 0.375000 0.833333
vt 0.291667 0.500000
vt 0.375000 0.416667
vt 0.375000 0.916667
vt 0.208333 0.750000
vt 0.436147 1.000000
vt 0.436147 0.000000
vt 0.457431 0.222222
vt 0.457431 0.527778
vt 0.457431 0.722222
vt 0.457431 0.833333
vt 0.457431 0.916667
vt 0.457431 0.333333
vt 0.457431 0.416667
vt 0.385085 0.175781
vt 0.384342 0.121528
vt 0.382113 0.062066
vt 0.483360 0.000000
vt 0.483360 1.000000
vt 0.530573 0.000000
vt 0.530573 1.000000
vt 0.577787 0.000000
vt 0.577787 1.000000
vt 0.625000 0.062500
vt 0.875000 0.687500
vt 0.625000 0.125000
vt 0.875000 0.625000
vt 0.625000 0.187500
vt 0.875000 0.562500
vt 0.429999 0.222222
vt 0.409508 0.222222
vt 0.394919 0.222222
vt 0.382126 0.312066
vt 0.384342 0.288194
vt 0.385085 0.259115
vt 0.625000 0.437500
vt 0.687500 0.500000
vt 0.625000 0.458333
vt 0.666667 0.500000
vt 0.625000 0.479167
vt 0.645833 0.500000
vt 0.429998 0.527778
vt 0.409508 0.527778
vt 0.394919 0.527778
vt 0.385191 0.676215
vt 0.385191 0.625000
vt 0.385191 0.573785
vt 0.612886 0.564164
vt 0.610344 0.625000
vt 0.612886 0.685836
vt 0.429999 0.722222
vt 0.409508 0.722222
vt 0.394919 0.722222
vt 0.382126 0.812066
vt 0.384342 0.788194
vt 0.385085 0.759115
vt 0.625000 0.937500
vt 0.812500 0.750000
vt 0.625000 0.958333
vt 0.833333 0.750000
vt 0.625000 0.979167
vt 0.854167 0.750000
vt 0.385085 0.490885
vt 0.384342 0.461806
vt 0.382126 0.437934
vt 0.270833 0.500000
vt 0.375000 0.395833
vt 0.250000 0.500000
vt 0.375000 0.375000
vt 0.229167 0.500000
vt 0.375000 0.354167
vt 0.854167 0.500000
vt 0.625000 0.270833
vt 0.833333 0.500000
vt 0.625000 0.291667
vt 0.812500 0.500000
vt 0.625000 0.312500
vt 0.770833 0.500000
vt 0.625000 0.354167
vt 0.750000 0.500000
vt 0.625000 0.375000
vt 0.729167 0.500000
vt 0.625000 0.395833
vt 0.382006 0.979167
vt 0.383493 0.958333
vt 0.382020 0.937500
vt 0.229167 0.750000
vt 0.375000 0.895833
vt 0.250000 0.750000
vt 0.375000 0.875000
vt 0.270833 0.750000
vt 0.375000 0.854167
vt 0.645833 0.750000
vt 0.625000 0.770833
vt 0.666667 0.750000
vt 0.625000 0.791667
vt 0.687500 0.750000
vt 0.625000 0.812500
vt 0.729167 0.750000
vt 0.625000 0.854167
vt 0.750000 0.750000
vt 0.625000 0.875000
vt 0.770833 0.750000
vt 0.625000 0.895833
vt 0.708333 0.562500
vt 0.708333 0.625000
vt 0.708333 0.687500
vt 0.791667 0.562500
vt 0.791667 0.625000
vt 0.791667 0.687500
vt 0.217882 0.562500
vt 0.219907 0.625000
vt 0.217882 0.687500
vt 0.282118 0.562500
vt 0.280093 0.625000
vt 0.282118 0.687500
vt 0.429866 0.833333
vt 0.408446 0.833333
vt 0.391256 0.833333
vt 0.429866 0.916667
vt 0.408446 0.916667
vt 0.391256 0.916667
vt 0.429866 0.333333
vt 0.408446 0.333333
vt 0.391256 0.333333
vt 0.429866 0.416667
vt 0.408446 0.416667
vt 0.391256 0.416667
vt 0.125000 0.562500
vt 0.375000 0.187500
vt 0.125000 0.625000
vt 0.375000 0.125000
vt 0.125000 0.687500
vt 0.375000 0.062500
vt 0.187500 0.500000
vt 0.375000 0.312500
vt 0.166667 0.500000
vt 0.375000 0.291667
vt 0.145833 0.500000
vt 0.375000 0.270833
vt 0.365433 0.685836
vt 0.363426 0.625000
vt 0.365433 0.564164
vt 0.312500 0.750000
vt 0.375000 0.812500
vt 0.333333 0.750000
vt 0.375000 0.791667
vt 0.354167 0.750000
vt 0.375000 0.770833
vt 0.354167 0.500000
vt 0.375000 0.479167
vt 0.333333 0.500000
vt 0.375000 0.458333
vt 0.312500 0.500000
vt 0.375000 0.437500
vt 0.375000 0.979167
vt 0.145833 0.750000
vt 0.375000 0.958333
vt 0.166667 0.750000
vt 0.375000 0.937500
vt 0.187500 0.750000
vt 0.198785 0.562500
vt 0.196759 0.625000
vt 0.198785 0.687500
vt 0.301215 0.562500
vt 0.303241 0.625000
vt 0.301215 0.687500
vt 0.379263 0.722512
vt 0.375985 0.724537
vt 0.374291 0.730577
vt 0.374291 0.519423
vt 0.375985 0.525463
vt 0.379263 0.527488
vt 0.375000 1.000000
vt 0.375000 0.000000
vt 0.375000 1.000000
vt 0.375000 0.000000
vt 0.375000 1.000000
vt 0.375000 0.000000
vt 0.375000 0.916667
vt 0.208333 0.750000
vt 0.375000 0.916667
vt 0.208333 0.750000
vt 0.375000 0.916667
vt 0.208333 0.750000
vt 0.291667 0.500000
vt 0.375000 0.416667
vt 0.291667 0.500000
vt 0.375000 0.416667
vt 0.291667 0.500000
vt 0.375000 0.416667
vt 0.291667 0.750000
vt 0.375000 0.833333
vt 0.291667 0.750000
vt 0.375000 0.833333
vt 0.291667 0.750000
vt 0.375000 0.833333
vt 0.375000 0.333333
vt 0.208333 0.500000
vt 0.375000 0.333333
vt 0.208333 0.500000
vt 0.375000 0.333333
vt 0.208333 0.500000
vt 0.375159 0.230613
vt 0.376274 0.224537
vt 0.379299 0.222512
vt 0.390287 1.000000
vt 0.390287 0.000000
vt 0.405573 1.000000
vt 0.405573 0.000000
vt 0.420860 1.000000
vt 0.420860 0.000000
vt 0.578119 0.230613
vt 0.533234 0.224537
vt 0.492339 0.222512
vt 0.577020 0.519423
vt 0.532867 0.525463
vt 0.492294 0.527488
vt 0.577020 0.730577
vt 0.532867 0.724537
vt 0.492294 0.722512
vt 0.578119 0.833333
vt 0.533234 0.833333
vt 0.492339 0.833333
vt 0.578119 0.916667
vt 0.533234 0.916667
vt 0.492339 0.916667
vt 0.578119 0.333333
vt 0.533234 0.333333
vt 0.492339 0.333333
vt 0.578119 0.416667
vt 0.533234 0.416667
vt 0.492339 0.416667
vt 0.457431 0.354167
vt 0.457431 0.375000
vt 0.457431 0.395833
vt 0.457431 0.259115
vt 0.457431 0.288194
vt 0.457431 0.312066
vt 0.457431 0.854167
vt 0.457431 0.875000
vt 0.457431 0.895833
vt 0.457431 0.759115
vt 0.457431 0.788195
vt 0.457431 0.812066
vt 0.457209 0.937500
vt 0.455657 0.958333
vt 0.451001 0.979167
vt 0.457431 0.573785
vt 0.457431 0.625000
vt 0.457431 0.676215
vt 0.457431 0.437934
vt 0.457431 0.461806
vt 0.457431 0.490885
vt 0.451001 0.062066
vt 0.455657 0.121528
vt 0.457209 0.175781
vt 0.488134 0.062075
vt 0.531848 0.062138
vt 0.577946 0.062292
vt 0.491064 0.121600
vt 0.532790 0.122106
vt 0.578064 0.123336
vt 0.492180 0.175989
vt 0.533178 0.177445
vt 0.578112 0.181270
vt 0.492339 0.437925
vt 0.533234 0.437862
vt 0.578119 0.437708
vt 0.492339 0.461733
vt 0.533234 0.461227
vt 0.578119 0.459997
vt 0.492334 0.490677
vt 0.533188 0.489222
vt 0.578022 0.485397
vt 0.492208 0.573586
vt 0.532180 0.572193
vt 0.574209 0.568667
vt 0.492156 0.625000
vt 0.531768 0.625000
vt 0.572807 0.625000
vt 0.492208 0.676414
vt 0.532180 0.677807
vt 0.574209 0.681333
vt 0.492180 0.937500
vt 0.533178 0.937500
vt 0.578112 0.937500
vt 0.491064 0.958333
vt 0.532790 0.958333
vt 0.578064 0.958333
vt 0.488134 0.979167
vt 0.531848 0.979167
vt 0.577946 0.979167
vt 0.377209 0.937500
vt 0.378079 0.958333
vt 0.377209 0.979167
vt 0.375584 0.937500
vt 0.375849 0.958333
vt 0.375584 0.979167
vt 0.375073 0.937500
vt 0.375106 0.958333
vt 0.375073 0.979167
vt 0.812500 0.562500
vt 0.833333 0.562500
vt 0.854167 0.562500
vt 0.812500 0.625000
vt 0.833333 0.625000
vt 0.854167 0.625000
vt 0.812500 0.687500
vt 0.833333 0.687500
vt 0.854167 0.687500
vt 0.642021 0.562645
vt 0.665659 0.562500
vt 0.687374 0.562500
vt 0.640521 0.625000
vt 0.665201 0.625000
vt 0.687317 0.625000
vt 0.642021 0.687355
vt 0.665659 0.687500
vt 0.687374 0.687500
vt 0.729167 0.562500
vt 0.750000 0.562500
vt 0.770833 0.562500
vt 0.729167 0.625000
vt 0.750000 0.625000
vt 0.770833 0.625000
vt 0.729167 0.687500
vt 0.750000 0.687500
vt 0.770833 0.687500
vt 0.379195 0.573586
vt 0.379155 0.625000
vt 0.379195 0.676414
vt 0.375442 0.572193
vt 0.375116 0.625000
vt 0.375442 0.677807
vt 0.372071 0.568667
vt 0.370964 0.625000
vt 0.372071 0.681333
vt 0.232078 0.562500
vt 0.250000 0.562500
vt 0.267922 0.562500
vt 0.233218 0.625000
vt 0.250000 0.625000
vt 0.266782 0.625000
vt 0.232078 0.687500
vt 0.250000 0.687500
vt 0.267922 0.687500
vt 0.492334 0.759322
vt 0.533188 0.760778
vt 0.578022 0.764603
vt 0.492339 0.788267
vt 0.533234 0.788773
vt 0.578119 0.790003
vt 0.492339 0.812075
vt 0.533234 0.812138
vt 0.578119 0.812292
vt 0.492339 0.854167
vt 0.533234 0.854167
vt 0.578119 0.854167
vt 0.492339 0.875000
vt 0.533234 0.875000
vt 0.578119 0.875000
vt 0.492339 0.895833
vt 0.533234 0.895833
vt 0.578119 0.895833
vt 0.492339 0.259323
vt 0.533234 0.260778
vt 0.578119 0.264603
vt 0.492339 0.288267
vt 0.533234 0.288773
vt 0.578119 0.290003
vt 0.492339 0.312075
vt 0.533234 0.312138
vt 0.578119 0.312292
vt 0.492339 0.354167
vt 0.533234 0.354167
vt 0.578119 0.354167
vt 0.492339 0.375000
vt 0.533234 0.375000
vt 0.578119 0.375000
vt 0.492339 0.395833
vt 0.533234 0.395833
vt 0.578119 0.395833
vt 0.315412 0.562500
vt 0.333333 0.562500
vt 0.351255 0.562645
vt 0.316551 0.625000
vt 0.333333 0.625000
vt 0.350116 0.625000
vt 0.315412 0.687500
vt 0.333333 0.687500
vt 0.351255 0.687355
vt 0.145734 0.562500
vt 0.165871 0.562500
vt 0.184489 0.562500
vt 0.145689 0.625000
vt 0.165509 0.625000
vt 0.183304 0.625000
vt 0.145734 0.687500
vt 0.165871 0.687500
vt 0.184489 0.687500
vt 0.288755 0.687500
vt 0.287616 0.625000
vt 0.288755 0.562500
vt 0.291667 0.687500
vt 0.291667 0.625000
vt 0.291667 0.562500
vt 0.294578 0.687500
vt 0.295718 0.625000
vt 0.294578 0.562500
vt 0.377286 0.437925
vt 0.378689 0.461733
vt 0.379219 0.490677
vt 0.375610 0.437862
vt 0.376062 0.461227
vt 0.376211 0.489222
vt 0.375076 0.437708
vt 0.375133 0.459997
vt 0.375079 0.485397
vt 0.379219 0.759323
vt 0.378689 0.788267
vt 0.377286 0.812075
vt 0.376211 0.760778
vt 0.376062 0.788773
vt 0.375610 0.812138
vt 0.375079 0.764603
vt 0.375133 0.790003
vt 0.375076 0.812292
vt 0.379223 0.259323
vt 0.378689 0.288267
vt 0.377286 0.312075
vt 0.376247 0.260778
vt 0.376062 0.288773
vt 0.375610 0.312138
vt 0.375156 0.264603
vt 0.375133 0.290003
vt 0.375076 0.312292
vt 0.211245 0.562500
vt 0.212384 0.625000
vt 0.211245 0.687500
vt 0.208333 0.562500
vt 0.208333 0.625000
vt 0.208333 0.687500
vt 0.205422 0.562500
vt 0.204282 0.625000
vt 0.205422 0.687500
vt 0.377286 0.062075
vt 0.378689 0.121600
vt 0.379223 0.175989
vt 0.375610 0.062138
vt 0.376062 0.122106
vt 0.376247 0.177445
vt 0.375076 0.062292
vt 0.375133 0.123336
vt 0.375156 0.181270
vt 0.390676 0.354167
vt 0.408260 0.354167
vt 0.429843 0.354167
vt 0.390619 0.375000
vt 0.408234 0.375000
vt 0.429839 0.375000
vt 0.390676 0.395833
vt 0.408260 0.395833
vt 0.429843 0.395833
vt 0.394842 0.259115
vt 0.409481 0.259115
vt 0.429995 0.259115
vt 0.394308 0.288194
vt 0.409295 0.288194
vt 0.429972 0.288194
vt 0.392961 0.312066
vt 0.408871 0.312066
vt 0.429919 0.312066
vt 0.390676 0.854167
vt 0.408260 0.854167
vt 0.429843 0.854167
vt 0.390619 0.875000
vt 0.408234 0.875000
vt 0.429839 0.875000
vt 0.390676 0.895833
vt 0.408260 0.895833
vt 0.429843 0.895833
vt 0.394842 0.759115
vt 0.409481 0.759115
vt 0.429995 0.759115
vt 0.394308 0.788194
vt 0.409295 0.788195
vt 0.429972 0.788194
vt 0.392961 0.812066
vt 0.408871 0.812066
vt 0.429919 0.812066
vt 0.392878 0.937500
vt 0.408789 0.937500
vt 0.429756 0.937500
vt 0.393642 0.958333
vt 0.408640 0.958333
vt 0.428671 0.958333
vt 0.392655 0.979167
vt 0.407432 0.979167
vt 0.425707 0.979167
vt 0.394919 0.573785
vt 0.409508 0.573785
vt 0.429999 0.573785
vt 0.394919 0.625000
vt 0.409508 0.625000
vt 0.429999 0.625000
vt 0.394919 0.676215
vt 0.409508 0.676215
vt 0.429999 0.676215
vt 0.392961 0.437934
vt 0.408871 0.437934
vt 0.429919 0.437934
vt 0.394308 0.461806
vt 0.409295 0.461806
vt 0.429972 0.461806
vt 0.394842 0.490885
vt 0.409481 0.490885
vt 0.429995 0.490885
vt 0.392732 0.062066
vt 0.407458 0.062066
vt 0.425710 0.062066
vt 0.394253 0.121528
vt 0.408852 0.121528
vt 0.428697 0.121528
vt 0.394835 0.175781
vt 0.409426 0.175781
vt 0.429836 0.175781
vt 0.666667 0.875000
vt 0.666667 0.750000
vt 0.666667 0.625000
vt 0.666667 0.500000
vt 0.666667 0.375000
vt 0.666667 0.250000
vt 0.666667 0.125000
vt 0.611111 0.875000
vt 0.611111 0.750000
vt 0.611111 0.625000
vt 0.611111 0.500000
vt 0.611111 0.375000
vt 0.611111 0.250000
vt 0.611111 0.125000
vt 0.555555 0.875000
vt 0.555555 0.750000
vt 0.555556 0.625000
vt 0.555555 0.500000
vt 0.555556 0.375000
vt 0.555555 0.250000
vt 0.555555 0.125000
vt 0.500000 0.875000
vt 0.500000 0.750000
vt 0.500000 0.625000
vt 0.500000 0.500000
vt 0.500000 0.375000
vt 0.500000 0.250000
vt 0.500000 0.125000
vt 0.444444 0.875000
vt 0.444444 0.750000
vt 0.444444 0.625000
vt 0.444444 0.500000
vt 0.444444 0.375000
vt 0.444444 0.250000
vt 0.444444 0.125000
vt 0.388889 0.875000
vt 0.388889 0.750000
vt 0.388889 0.625000
vt 0.388889 0.500000
vt 0.388889 0.375000
vt 0.388889 0.250000
vt 0.388889 0.125000
vt 0.333333 0.875000
vt 0.333333 0.750000
vt 0.333333 0.625000
vt 0.333333 0.500000
vt 0.333333 0.375000
vt 0.333333 0.250000
vt 0.333333 0.125000
vt 0.277778 0.875000
vt 0.277778 0.750000
vt 0.277778 0.625000
vt 0.277778 0.500000
vt 0.277778 0.375000
vt 0.277778 0.250000
vt 0.277778 0.125000
vt 0.222222 0.875000
vt 0.222222 0.750000
vt 0.222222 0.625000
vt 0.222222 0.500000
vt 0.222222 0.375000
vt 0.222222 0.250000
vt 0.222222 0.125000
vt 0.166667 0.875000
vt 0.166667 0.750000
vt 0.166667 0.625000
vt 0.166667 0.500000
vt 0.166667 0.375000
vt 0.166667 0.250000
vt 0.166667 0.125000
vt 0.111111 0.875000
vt 0.111111 0.750000
vt 0.111111 0.625000
vt 0.111111 0.500000
vt 0.111111 0.375000
vt 0.111111 0.250000
vt 0.111111 0.125000
vt 0.055556 0.875000
vt 0.055556 0.750000
vt 0.055556 0.625000
vt 0.055556 0.500000
vt 0.055556 0.375000
vt 0.055556 0.250000
vt 0.055556 0.125000
vt 0.694444 1.000000
vt 0.638889 1.000000
vt 0.583333 1.000000
vt 0.527778 1.000000
vt 0.472222 1.000000
vt 0.416667 1.000000
vt 0.361111 1.000000
vt 0.305556 1.000000
vt 0.250000 1.000000
vt 0.194444 1.000000
vt 0.138889 1.000000
vt 0.083333 1.000000
vt 0.027778 1.000000
vt 0.972222 1.000000
vt 0.916667 1.000000
vt 0.861111 1.000000
vt 0.805556 1.000000
vt 0.750000 1.000000
vt 0.000000 0.875000
vt 1.000000 0.875000
vt 0.000000 0.750000
vt 1.000000 0.750000
vt 0.000000 0.625000
vt 1.000000 0.625000
vt 0.000000 0.500000
vt 1.000000 0.500000
vt 0.000000 0.375000
vt 1.000000 0.375000
vt 0.000000 0.250000
vt 1.000000 0.250000
vt 0.000000 0.125000
vt 1.000000 0.125000
vt 0.694444 0.000000
vt 0.638889 0.000000
vt 0.583333 0.000000
vt 0.527778 0.000000
vt 0.472222 0.000000
vt 0.416667 0.000000
vt 0.361111 0.000000
vt 0.305556 0.000000
vt 0.250000 0.000000
vt 0.194444 0.000000
vt 0.138889 0.000000
vt 0.083333 0.000000
vt 0.027778 0.000000
vt 0.972222 0.000000
vt 0.916667 0.000000
vt 0.861111 0.000000
vt 0.805556 0.000000
vt 0.750000 0.000000
vt 0.944444 0.875000
vt 0.944444 0.750000
vt 0.944444 0.625000
vt 0.944444 0.500000
vt 0.944444 0.375000
vt 0.944444 0.250000
vt 0.944444 0.125000
vt 0.888889 0.875000
vt 0.888889 0.750000
vt 0.888889 0.625000
vt 0.888889 0.500000
vt 0.888889 0.375000
vt 0.888889 0.250000
vt 0.888889 0.125000
vt 0.833333 0.875000
vt 0.833333 0.750000
vt 0.833333 0.625000
vt 0.833333 0.500000
vt 0.833333 0.375000
vt 0.833333 0.250000
vt 0.833333 0.125000
vt 0.777778 0.875000
vt 0.777778 0.750000
vt 0.777778 0.625000
vt 0.777778 0.500000
vt 0.777778 0.375000
vt 0.777778 0.250000
vt 0.777778 0.125000
vt 0.722222 0.875000
vt 0.722222 0.750000
vt 0.722222 0.625000
vt 0.722222 0.500000
vt 0.722222 0.375000
vt 0.722222 0.250000
vt 0.722222 0.125000
vt 0.375000 1.000000
vt 0.125000 0.750000
vt 0.375000 0.000000
vt 0.625000 1.000000
vt 0.875000 0.750000
vt 0.625000 0.000000
vt 0.375000 0.250000
vt 0.125000 0.500000
vt 0.625000 0.250000
vt 0.875000 0.500000
vt 0.375000 0.750000
vt 0.625000 0.750000
vt 0.375000 0.500000
vt 0.625000 0.500000
vt 0.585772 1.000000
vt 0.585772 0.000000
vt 0.562196 0.248500
vt 0.562196 0.505424
vt 0.562196 0.720007
vt 0.430188 0.248500
vt 0.430188 0.505424
vt 0.430188 0.720007
vt 0.405089 1.000000
vt 0.405089 0.000000
vt 0.375000 0.292291
vt 0.167290 0.500000
vt 0.625000 0.292291
vt 0.832710 0.500000
vt 0.375000 0.957710
vt 0.167290 0.750000
vt 0.832710 0.750000
vt 0.625000 0.957710
vt 0.562196 0.933265
vt 0.562196 0.316735
vt 0.430188 0.316735
vt 0.430188 0.933265
vt 0.625000 0.481249
vt 0.643751 0.500000
vt 0.375000 0.768751
vt 0.356249 0.750000
vt 0.562196 0.452881
vt 0.430188 0.452881
vt 0.375000 0.481249
vt 0.356249 0.500000
vt 0.625000 0.768751
vt 0.643751 0.750000
vt 0.562196 0.797119
vt 0.430188 0.797119
vt 0.125000 0.551293
vt 0.375000 0.198707
vt 0.875000 0.551293
vt 0.625000 0.198707
vt 0.376890 0.575862
vt 0.621587 0.575862
vt 0.562196 0.575862
vt 0.562196 0.174138
vt 0.430188 0.174138
vt 0.430188 0.575862
vt 0.808265 0.575862
vt 0.191735 0.575862
vt 0.672119 0.575862
vt 0.327881 0.575862
vt 0.125000 0.650647
vt 0.375000 0.099353
vt 0.605386 1.000000
vt 0.605386 0.000000
vt 0.625000 0.224353
vt 0.875000 0.525647
vt 0.393182 0.248625
vt 0.375000 0.271145
vt 0.146145 0.500000
vt 0.625000 0.490625
vt 0.634375 0.500000
vt 0.393221 0.504972
vt 0.376732 0.528831
vt 0.621872 0.653093
vt 0.393221 0.722507
vt 0.365625 0.750000
vt 0.375000 0.759375
vt 0.625000 0.978855
vt 0.853855 0.750000
vt 0.495430 1.000000
vt 0.495430 0.000000
vt 0.602439 0.248625
vt 0.602368 0.504972
vt 0.602368 0.722507
vt 0.564161 0.975799
vt 0.562196 0.649969
vt 0.562196 0.487757
vt 0.562196 0.221095
vt 0.495621 0.248500
vt 0.495621 0.505424
vt 0.495621 0.720007
vt 0.390044 1.000000
vt 0.390044 0.000000
vt 0.430188 0.221095
vt 0.430188 0.487757
vt 0.430188 0.649969
vt 0.428096 0.975799
vt 0.375000 0.386770
vt 0.261770 0.500000
vt 0.625000 0.271145
vt 0.853855 0.500000
vt 0.375000 0.978855
vt 0.146145 0.750000
vt 0.738230 0.750000
vt 0.625000 0.863230
vt 0.562196 0.863721
vt 0.562196 0.274013
vt 0.430188 0.274013
vt 0.430188 0.863721
vt 0.393182 0.935302
vt 0.393182 0.314698
vt 0.495621 0.316735
vt 0.495621 0.933265
vt 0.810302 0.653718
vt 0.189698 0.653718
vt 0.602439 0.935302
vt 0.602439 0.314698
vt 0.625000 0.386770
vt 0.738230 0.500000
vt 0.375000 0.863230
vt 0.261770 0.750000
vt 0.562196 0.386279
vt 0.430188 0.386280
vt 0.375000 0.490625
vt 0.365625 0.500000
vt 0.625000 0.759375
vt 0.634375 0.750000
vt 0.562196 0.759172
vt 0.430188 0.759172
vt 0.602439 0.794755
vt 0.669755 0.653718
vt 0.495621 0.797119
vt 0.393182 0.794755
vt 0.393182 0.455245
vt 0.495621 0.452881
vt 0.330245 0.653718
vt 0.602439 0.455245
vt 0.375000 0.224353
vt 0.125000 0.525647
vt 0.875000 0.650647
vt 0.625000 0.099353
vt 0.376732 0.653093
vt 0.621872 0.528831
vt 0.562196 0.529396
vt 0.564161 0.096282
vt 0.428096 0.096282
vt 0.430188 0.529396
vt 0.810302 0.528718
vt 0.189698 0.528718
vt 0.669755 0.528718
vt 0.330245 0.528718
vt 0.261279 0.575862
vt 0.637495 0.575862
vt 0.149201 0.573815
vt 0.738721 0.575862
vt 0.393418 0.575862
vt 0.393182 0.176185
vt 0.495621 0.174138
vt 0.495621 0.575862
vt 0.850799 0.573815
vt 0.362315 0.575862
vt 0.602012 0.575862
vt 0.602439 0.176185
vt 0.602439 0.221638
vt 0.602439 0.488235
vt 0.602084 0.650594
vt 0.602930 0.976309
vt 0.362866 0.653718
vt 0.851308 0.653206
vt 0.495589 0.975799
vt 0.495621 0.649969
vt 0.495621 0.487757
vt 0.495621 0.221095
vt 0.393182 0.221638
vt 0.393182 0.488235
vt 0.393379 0.650594
vt 0.392659 0.976309
vt 0.393182 0.863639
vt 0.393182 0.273535
vt 0.495621 0.274013
vt 0.495621 0.863721
vt 0.738639 0.653718
vt 0.148692 0.653206
vt 0.602439 0.863639
vt 0.602439 0.273535
vt 0.602439 0.759206
vt 0.636975 0.653718
vt 0.495621 0.759172
vt 0.393182 0.759206
vt 0.393182 0.386361
vt 0.495621 0.386280
vt 0.261361 0.653718
vt 0.602439 0.386361
vt 0.261361 0.528718
vt 0.636975 0.528718
vt 0.148692 0.528206
vt 0.738639 0.528718
vt 0.393379 0.529283
vt 0.392659 0.096794
vt 0.495589 0.096282
vt 0.495621 0.529396
vt 0.851309 0.528206
vt 0.362866 0.528718
vt 0.602083 0.529283
vt 0.602930 0.096794
s 0
f 213/296/1 214/297/1 217/300/1 216/299/1
f 214/297/2 215/298/2 218/301/2 217/300/2
f 216/299/3 217/300/3 220/303/3 219/302/3
f 217/300/4 218/301/4 221/304/4 220/303/4
f 25/45/5 36/56/5 213/296/5 210/293/5
f 36/56/6 37/58/6 214/297/6 213/296/6
f 37/58/7 38/60/7 215/298/7 214/297/7
f 38/60/8 2/3/8 39/62/8 215/298/8
f 215/298/9 39/62/9 40/64/9 218/301/9
f 218/301/10 40/64/10 41/66/10 221/304/10
f 221/304/11 41/66/11 4/8/11 168/251/11
f 220/303/12 221/304/12 168/251/12 169/252/12
f 219/302/13 220/303/13 169/252/13 170/253/13
f 212/295/14 219/302/14 170/253/14 26/46/14
f 211/294/15 216/299/15 219/302/15 212/295/15
f 210/293/16 213/296/16 216/299/16 211/294/16
f 222/305/17 223/306/17 226/309/17 225/308/17
f 223/306/18 224/307/18 227/310/18 226/309/18
f 225/308/19 226/309/19 229/312/19 228/311/19
f 226/309/20 227/310/20 230/313/20 229/312/20
f 32/52/21 188/271/21 222/305/21 207/290/21
f 188/271/22 187/270/22 223/306/22 222/305/22
f 187/270/23 186/269/23 224/307/23 223/306/23
f 186/269/24 12/20/24 48/74/24 224/307/24
f 224/307/25 48/74/25 49/76/25 227/310/25
f 227/310/26 49/76/26 50/78/26 230/313/26
f 230/313/27 50/78/27 8/12/27 171/254/27
f 229/312/28 230/313/28 171/254/28 172/255/28
f 228/311/29 229/312/29 172/255/29 173/256/29
f 209/292/30 228/311/30 173/256/30 27/47/30
f 208/291/31 225/308/31 228/311/31 209/292/31
f 207/290/32 222/305/32 225/308/32 208/291/32
f 231/314/33 232/315/33 235/318/33 234/317/33
f 232/315/34 233/316/34 236/319/34 235/318/34
f 234/317/35 235/318/35 238/321/35 237/320/35
f 235/318/36 236/319/36 239/322/36 238/321/36
f 27/47/37 173/256/37 231/314/37 204/287/37
f 173/256/38 172/255/38 232/315/38 231/314/38
f 172/255/39 171/254/39 233/316/39 232/315/39
f 171/254/40 8/12/40 57/86/40 233/316/40
f 233/316/41 57/86/41 58/87/41 236/319/41
f 236/319/42 58/87/42 59/88/42 239/322/42
f 239/322/43 59/88/43 6/10/43 174/257/43
f 238/321/44 239/322/44 174/257/44 175/258/44
f 237/320/45 238/321/45 175/258/45 176/259/45
f 206/289/46 237/320/46 176/259/46 28/48/46
f 205/288/47 234/317/47 237/320/47 206/289/47
f 204/287/48 231/314/48 234/317/48 205/288/48
f 240/323/49 241/324/49 244/327/49 243/326/49
f 241/324/50 242/325/50 245/328/50 244/327/50
f 243/326/51 244/327/51 247/330/51 246/329/51
f 244/327/52 245/328/52 248/331/52 247/330/52
f 30/50/53 182/265/53 240/323/53 201/284/53
f 182/265/54 181/264/54 241/324/54 240/323/54
f 181/264/55 180/263/55 242/325/55 241/324/55
f 180/263/56 16/28/56 66/95/56 242/325/56
f 242/325/57 66/95/57 67/97/57 245/328/57
f 245/328/58 67/97/58 68/99/58 248/331/58
f 248/331/59 68/99/59 2/4/59 38/61/59
f 247/330/60 248/331/60 38/61/60 37/59/60
f 246/329/61 247/330/61 37/59/61 36/57/61
f 203/286/62 246/329/62 36/57/62 25/44/62
f 202/285/63 243/326/63 246/329/63 203/286/63
f 201/284/64 240/323/64 243/326/64 202/285/64
f 249/332/65 250/333/65 253/336/65 252/335/65
f 250/333/66 251/334/66 254/337/66 253/336/66
f 252/335/67 253/336/67 256/339/67 255/338/67
f 253/336/68 254/337/68 257/340/68 256/339/68
f 13/22/69 83/124/69 249/332/69 152/222/69
f 83/124/70 82/123/70 250/333/70 249/332/70
f 82/123/71 81/122/71 251/334/71 250/333/71
f 81/122/72 1/1/72 147/212/72 251/334/72
f 251/334/73 147/212/73 148/214/73 254/337/73
f 254/337/74 148/214/74 149/216/74 257/340/74
f 257/340/75 149/216/75 18/31/75 132/194/75
f 256/339/76 257/340/76 132/194/76 133/196/76
f 255/338/77 256/339/77 133/196/77 134/198/77
f 150/218/78 255/338/78 134/198/78 24/42/78
f 151/220/79 252/335/79 255/338/79 150/218/79
f 152/222/80 249/332/80 252/335/80 151/220/80
f 258/341/81 259/342/81 262/345/81 261/344/81
f 259/342/82 260/343/82 263/346/82 262/345/82
f 261/344/83 262/345/83 265/348/83 264/347/83
f 262/345/84 263/346/84 266/349/84 265/348/84
f 11/17/85 77/114/85 258/341/85 96/146/85
f 77/114/86 76/112/86 259/342/86 258/341/86
f 76/112/87 75/110/87 260/343/87 259/342/87
f 75/110/88 4/7/88 41/67/88 260/343/88
f 260/343/89 41/67/89 40/65/89 263/346/89
f 263/346/90 40/65/90 39/63/90 266/349/90
f 266/349/91 39/63/91 2/5/91 68/100/91
f 265/348/92 266/349/92 68/100/92 67/98/92
f 264/347/93 265/348/93 67/98/93 66/96/93
f 98/148/94 264/347/94 66/96/94 16/27/94
f 97/147/95 261/344/95 264/347/95 98/148/95
f 96/146/96 258/341/96 261/344/96 97/147/96
f 267/350/97 268/351/97 271/354/97 270/353/97
f 268/351/98 269/352/98 272/355/98 271/354/98
f 270/353/99 271/354/99 274/357/99 273/356/99
f 271/354/100 272/355/100 275/358/100 274/357/100
f 8/12/101 50/79/101 267/350/101 57/86/101
f 50/79/102 49/77/102 268/351/102 267/350/102
f 49/77/103 48/75/103 269/352/103 268/351/103
f 48/75/104 12/19/104 93/143/104 269/352/104
f 269/352/105 93/143/105 94/144/105 272/355/105
f 272/355/106 94/144/106 95/145/106 275/358/106
f 275/358/107 95/145/107 15/25/107 89/135/107
f 274/357/108 275/358/108 89/135/108 88/133/108
f 273/356/109 274/357/109 88/133/109 87/131/109
f 59/88/110 273/356/110 87/131/110 6/10/110
f 58/87/111 270/353/111 273/356/111 59/88/111
f 57/86/112 267/350/112 270/353/112 58/87/112
f 276/359/113 277/360/113 280/363/113 279/362/113
f 277/360/114 278/361/114 281/364/114 280/363/114
f 279/362/115 280/363/115 283/366/115 282/365/115
f 280/363/116 281/364/116 284/367/116 283/366/116
f 12/19/117 80/120/117 276/359/117 93/143/117
f 80/120/118 79/118/118 277/360/118 276/359/118
f 79/118/119 78/116/119 278/361/119 277/360/119
f 78/116/120 11/17/120 96/146/120 278/361/120
f 278/361/121 96/146/121 97/147/121 281/364/121
f 281/364/122 97/147/122 98/148/122 284/367/122
f 284/367/123 98/148/123 16/27/123 92/141/123
f 283/366/124 284/367/124 92/141/124 91/139/124
f 282/365/125 283/366/125 91/139/125 90/137/125
f 95/145/126 282/365/126 90/137/126 15/25/126
f 94/144/127 279/362/127 282/365/127 95/145/127
f 93/143/128 276/359/128 279/362/128 94/144/128
f 285/368/129 286/369/129 289/372/129 288/371/129
f 286/369/130 287/370/130 290/373/130 289/372/130
f 288/371/131 289/372/131 292/375/131 291/374/131
f 289/372/132 290/373/132 293/376/132 292/375/132
f 7/11/133 56/85/133 285/368/133 146/211/133
f 56/85/134 55/84/134 286/369/134 285/368/134
f 55/84/135 54/83/135 287/370/135 286/369/135
f 54/83/136 5/9/136 141/206/136 287/370/136
f 287/370/137 141/206/137 142/207/137 290/373/137
f 290/373/138 142/207/138 143/208/138 293/376/138
f 293/376/139 143/208/139 20/36/139 123/179/139
f 292/375/140 293/376/140 123/179/140 124/180/140
f 291/374/141 292/375/141 124/180/141 125/181/141
f 144/209/142 291/374/142 125/181/142 21/37/142
f 145/210/143 288/371/143 291/374/143 144/209/143
f 146/211/144 285/368/144 288/371/144 145/210/144
f 294/377/145 295/378/145 298/381/145 297/380/145
f 295/378/146 296/379/146 299/382/146 298/381/146
f 297/380/147 298/381/147 301/384/147 300/383/147
f 298/381/148 299/382/148 302/385/148 301/384/148
f 10/15/149 74/108/149 294/377/149 99/149/149
f 74/108/150 73/106/150 295/378/150 294/377/150
f 73/106/151 72/104/151 296/379/151 295/378/151
f 72/104/152 9/13/152 102/152/152 296/379/152
f 296/379/153 102/152/153 103/153/153 299/382/153
f 299/382/154 103/153/154 104/154/154 302/385/154
f 302/385/155 104/154/155 14/23/155 86/129/155
f 301/384/156 302/385/156 86/129/156 85/127/156
f 300/383/157 301/384/157 85/127/157 84/125/157
f 101/151/158 300/383/158 84/125/158 13/21/158
f 100/150/159 297/380/159 300/383/159 101/151/159
f 99/149/160 294/377/160 297/380/160 100/150/160
f 303/386/161 304/387/161 307/390/161 306/389/161
f 304/387/162 305/388/162 308/391/162 307/390/162
f 306/389/163 307/390/163 310/393/163 309/392/163
f 307/390/164 308/391/164 311/394/164 310/393/164
f 28/48/165 176/259/165 303/386/165 198/281/165
f 176/259/166 175/258/166 304/387/166 303/386/166
f 175/258/167 174/257/167 305/388/167 304/387/167
f 174/257/168 6/10/168 87/132/168 305/388/168
f 305/388/169 87/132/169 88/134/169 308/391/169
f 308/391/170 88/134/170 89/136/170 311/394/170
f 311/394/171 89/136/171 15/26/171 177/260/171
f 310/393/172 311/394/172 177/260/172 178/261/172
f 309/392/173 310/393/173 178/261/173 179/262/173
f 200/283/174 309/392/174 179/262/174 29/49/174
f 199/282/175 306/389/175 309/392/175 200/283/175
f 198/281/176 303/386/176 306/389/176 199/282/176
f 312/395/177 313/396/177 316/399/177 315/398/177
f 313/396/178 314/397/178 317/400/178 316/399/178
f 315/398/179 316/399/179 319/402/179 318/401/179
f 316/399/180 317/400/180 320/403/180 319/402/180
f 29/49/181 179/262/181 312/395/181 195/278/181
f 179/262/182 178/261/182 313/396/182 312/395/182
f 178/261/183 177/260/183 314/397/183 313/396/183
f 177/260/184 15/26/184 90/138/184 314/397/184
f 314/397/185 90/138/185 91/140/185 317/400/185
f 317/400/186 91/140/186 92/142/186 320/403/186
f 320/403/187 92/142/187 16/28/187 180/263/187
f 319/402/188 320/403/188 180/263/188 181/264/188
f 318/401/189 319/402/189 181/264/189 182/265/189
f 197/280/190 318/401/190 182/265/190 30/50/190
f 196/279/191 315/398/191 318/401/191 197/280/191
f 195/278/192 312/395/192 315/398/192 196/279/192
f 321/404/193 322/405/193 325/408/193 324/407/193
f 322/405/194 323/406/194 326/409/194 325/408/194
f 324/407/195 325/408/195 328/411/195 327/410/195
f 325/408/196 326/409/196 329/412/196 328/411/196
f 26/46/197 170/253/197 321/404/197 192/275/197
f 170/253/198 169/252/198 322/405/198 321/404/198
f 169/252/199 168/251/199 323/406/199 322/405/199
f 168/251/200 4/8/200 75/111/200 323/406/200
f 323/406/201 75/111/201 76/113/201 326/409/201
f 326/409/202 76/113/202 77/115/202 329/412/202
f 329/412/203 77/115/203 11/18/203 183/266/203
f 328/411/204 329/412/204 183/266/204 184/267/204
f 327/410/205 328/411/205 184/267/205 185/268/205
f 194/277/206 327/410/206 185/268/206 31/51/206
f 193/276/207 324/407/207 327/410/207 194/277/207
f 192/275/208 321/404/208 324/407/208 193/276/208
f 330/413/209 331/414/209 334/417/209 333/416/209
f 331/414/210 332/415/210 335/418/210 334/417/210
f 333/416/211 334/417/211 337/420/211 336/419/211
f 334/417/212 335/418/212 338/421/212 337/420/212
f 31/51/213 185/268/213 330/413/213 189/272/213
f 185/268/214 184/267/214 331/414/214 330/413/214
f 184/267/215 183/266/215 332/415/215 331/414/215
f 183/266/216 11/18/216 78/117/216 332/415/216
f 332/415/217 78/117/217 79/119/217 335/418/217
f 335/418/218 79/119/218 80/121/218 338/421/218
f 338/421/219 80/121/219 12/20/219 186/269/219
f 337/420/220 338/421/220 186/269/220 187/270/220
f 336/419/221 337/420/221 187/270/221 188/271/221
f 191/274/222 336/419/222 188/271/222 32/52/222
f 190/273/223 333/416/223 336/419/223 191/274/223
f 189/272/224 330/413/224 333/416/224 190/273/224
f 339/422/225 340/423/225 343/426/225 342/425/225
f 340/423/226 341/424/226 344/427/226 343/426/226
f 342/425/227 343/426/227 346/429/227 345/428/227
f 343/426/228 344/427/228 347/430/228 346/429/228
f 23/40/229 131/192/229 339/422/229 138/203/229
f 131/192/230 130/190/230 340/423/230 339/422/230
f 130/190/231 129/188/231 341/424/231 340/423/231
f 129/188/232 21/37/232 125/181/232 341/424/232
f 341/424/233 125/181/233 124/180/233 344/427/233
f 344/427/234 124/180/234 123/179/234 347/430/234
f 347/430/235 123/179/235 20/36/235 128/186/235
f 346/429/236 347/430/236 128/186/236 127/184/236
f 345/428/237 346/429/237 127/184/237 126/182/237
f 140/205/238 345/428/238 126/182/238 22/38/238
f 139/204/239 342/425/239 345/428/239 140/205/239
f 138/203/240 339/422/240 342/425/240 139/204/240
f 348/431/241 349/432/241 352/435/241 351/434/241
f 349/432/242 350/433/242 353/436/242 352/435/242
f 351/434/243 352/435/243 355/438/243 354/437/243
f 352/435/244 353/436/244 356/439/244 355/438/244
f 17/29/245 122/177/245 348/431/245 117/167/245
f 122/177/246 121/175/246 349/432/246 348/431/246
f 121/175/247 120/173/247 350/433/247 349/432/247
f 120/173/248 19/35/248 135/200/248 350/433/248
f 350/433/249 135/200/249 136/201/249 353/436/249
f 353/436/250 136/201/250 137/202/250 356/439/250
f 356/439/251 137/202/251 24/43/251 134/199/251
f 355/438/252 356/439/252 134/199/252 133/197/252
f 354/437/253 355/438/253 133/197/253 132/195/253
f 119/171/254 354/437/254 132/195/254 18/32/254
f 118/169/255 351/434/255 354/437/255 119/171/255
f 117/167/256 348/431/256 351/434/256 118/169/256
f 357/440/257 358/441/257 361/444/257 360/443/257
f 358/441/258 359/442/258 362/445/258 361/444/258
f 360/443/259 361/444/259 364/447/259 363/446/259
f 361/444/260 362/445/260 365/448/260 364/447/260
f 14/23/261 104/154/261 357/440/261 158/234/261
f 104/154/262 103/153/262 358/441/262 357/440/262
f 103/153/263 102/152/263 359/442/263 358/441/263
f 102/152/264 9/13/264 153/224/264 359/442/264
f 359/442/265 153/224/265 154/226/265 362/445/265
f 362/445/266 154/226/266 155/228/266 365/448/266
f 365/448/267 155/228/267 23/40/267 138/203/267
f 364/447/268 365/448/268 138/203/268 139/204/268
f 363/446/269 364/447/269 139/204/269 140/205/269
f 156/230/270 363/446/270 140/205/270 22/38/270
f 157/232/271 360/443/271 363/446/271 156/230/271
f 158/234/272 357/440/272 360/443/272 157/232/272
f 366/449/273 367/450/273 370/453/273 369/452/273
f 367/450/274 368/451/274 371/454/274 370/453/274
f 369/452/275 370/453/275 373/456/275 372/455/275
f 370/453/276 371/454/276 374/457/276 373/456/276
f 9/14/277 71/103/277 366/449/277 153/225/277
f 71/103/278 70/102/278 367/450/278 366/449/278
f 70/102/279 69/101/279 368/451/279 367/450/279
f 69/101/280 7/11/280 146/211/280 368/451/280
f 368/451/281 146/211/281 145/210/281 371/454/281
f 371/454/282 145/210/282 144/209/282 374/457/282
f 374/457/283 144/209/283 21/37/283 129/189/283
f 373/456/284 374/457/284 129/189/284 130/191/284
f 372/455/285 373/456/285 130/191/285 131/193/285
f 155/229/286 372/455/286 131/193/286 23/41/286
f 154/227/287 369/452/287 372/455/287 155/229/287
f 153/225/288 366/449/288 369/452/288 154/227/288
f 375/458/289 376/459/289 379/462/289 378/461/289
f 376/459/290 377/460/290 380/463/290 379/462/290
f 378/461/291 379/462/291 382/465/291 381/464/291
f 379/462/292 380/463/292 383/466/292 382/465/292
f 5/9/293 65/94/293 375/458/293 141/206/293
f 65/94/294 64/93/294 376/459/294 375/458/294
f 64/93/295 63/92/295 377/460/295 376/459/295
f 63/92/296 14/24/296 158/235/296 377/460/296
f 377/460/297 158/235/297 157/233/297 380/463/297
f 380/463/298 157/233/298 156/231/298 383/466/298
f 383/466/299 156/231/299 22/39/299 126/183/299
f 382/465/300 383/466/300 126/183/300 127/185/300
f 381/464/301 382/465/301 127/185/301 128/187/301
f 143/208/302 381/464/302 128/187/302 20/36/302
f 142/207/303 378/461/303 381/464/303 143/208/303
f 141/206/304 375/458/304 378/461/304 142/207/304
f 384/467/305 385/468/305 388/471/305 387/470/305
f 385/468/306 386/469/306 389/472/306 388/471/306
f 387/470/307 388/471/307 391/474/307 390/473/307
f 388/471/308 389/472/308 392/475/308 391/474/308
f 3/6/309 47/73/309 384/467/309 164/244/309
f 47/73/310 46/72/310 385/468/310 384/467/310
f 46/72/311 45/71/311 386/469/311 385/468/311
f 45/71/312 10/16/312 159/236/312 386/469/312
f 386/469/313 159/236/313 160/238/313 389/472/313
f 389/472/314 160/238/314 161/240/314 392/475/314
f 392/475/315 161/240/315 19/34/315 120/174/315
f 391/474/316 392/475/316 120/174/316 121/176/316
f 390/473/317 391/474/317 121/176/317 122/178/317
f 162/242/318 390/473/318 122/178/318 17/30/318
f 163/243/319 387/470/319 390/473/319 162/242/319
f 164/244/320 384/467/320 387/470/320 163/243/320
f 393/476/321 394/477/321 397/480/321 396/479/321
f 394/477/322 395/478/322 398/481/322 397/480/322
f 396/479/323 397/480/323 400/483/323 399/482/323
f 397/480/324 398/481/324 401/484/324 400/483/324
f 10/15/325 99/149/325 393/476/325 159/237/325
f 99/149/326 100/150/326 394/477/326 393/476/326
f 100/150/327 101/151/327 395/478/327 394/477/327
f 101/151/328 13/21/328 152/223/328 395/478/328
f 395/478/329 152/223/329 151/221/329 398/481/329
f 398/481/330 151/221/330 150/219/330 401/484/330
f 401/484/331 150/219/331 24/43/331 137/202/331
f 400/483/332 401/484/332 137/202/332 136/201/332
f 399/482/333 400/483/333 136/201/333 135/200/333
f 161/241/334 399/482/334 135/200/334 19/35/334
f 160/239/335 396/479/335 399/482/335 161/241/335
f 159/237/336 393/476/336 396/479/336 160/239/336
f 402/485/337 403/486/337 406/489/337 405/488/337
f 403/486/338 404/487/338 407/490/338 406/489/338
f 405/488/339 406/489/339 409/492/339 408/491/339
f 406/489/340 407/490/340 410/493/340 409/492/340
f 1/2/341 35/55/341 402/485/341 147/213/341
f 35/55/342 34/54/342 403/486/342 402/485/342
f 34/54/343 33/53/343 404/487/343 403/486/343
f 33/53/344 3/6/344 164/244/344 404/487/344
f 404/487/345 164/244/345 163/243/345 407/490/345
f 407/490/346 163/243/346 162/242/346 410/493/346
f 410/493/347 162/242/347 17/30/347 117/168/347
f 409/492/348 410/493/348 117/168/348 118/170/348
f 408/491/349 409/492/349 118/170/349 119/172/349
f 149/217/350 408/491/350 119/172/350 18/33/350
f 148/215/351 405/488/351 408/491/351 149/217/351
f 147/213/352 402/485/352 405/488/352 148/215/352
f 411/494/353 412/495/353 415/498/353 414/497/353
f 412/495/354 413/496/354 416/499/354 415/498/354
f 414/497/355 415/498/355 418/501/355 417/500/355
f 415/498/356 416/499/356 419/502/356 418/501/356
f 10/16/357 113/163/357 411/494/357 74/109/357
f 113/163/358 112/162/358 412/495/358 411/494/358
f 112/162/359 111/161/359 413/496/359 412/495/359
f 111/161/360 31/51/360 189/272/360 413/496/360
f 413/496/361 189/272/361 190/273/361 416/499/361
f 416/499/362 190/273/362 191/274/362 419/502/362
f 419/502/363 191/274/363 32/52/363 114/164/363
f 418/501/364 419/502/364 114/164/364 115/165/364
f 417/500/365 418/501/365 115/165/365 116/166/365
f 72/105/366 417/500/366 116/166/366 9/14/366
f 73/107/367 414/497/367 417/500/367 72/105/367
f 74/109/368 411/494/368 414/497/368 73/107/368
f 420/503/369 421/504/369 424/507/369 423/506/369
f 421/504/370 422/505/370 425/508/370 424/507/370
f 423/506/371 424/507/371 427/510/371 426/509/371
f 424/507/372 425/508/372 428/511/372 427/510/372
f 3/6/373 44/70/373 420/503/373 47/73/373
f 44/70/374 43/69/374 421/504/374 420/503/374
f 43/69/375 42/68/375 422/505/375 421/504/375
f 42/68/376 26/46/376 192/275/376 422/505/376
f 422/505/377 192/275/377 193/276/377 425/508/377
f 425/508/378 193/276/378 194/277/378 428/511/378
f 428/511/379 194/277/379 31/51/379 111/161/379
f 427/510/380 428/511/380 111/161/380 112/162/380
f 426/509/381 427/510/381 112/162/381 113/163/381
f 45/71/382 426/509/382 113/163/382 10/16/382
f 46/72/383 423/506/383 426/509/383 45/71/383
f 47/73/384 420/503/384 423/506/384 46/72/384
f 429/512/385 430/513/385 433/516/385 432/515/385
f 430/513/386 431/514/386 434/517/386 433/516/386
f 432/515/387 433/516/387 436/519/387 435/518/387
f 433/516/388 434/517/388 437/520/388 436/519/388
f 14/24/389 107/157/389 429/512/389 86/130/389
f 107/157/390 106/156/390 430/513/390 429/512/390
f 106/156/391 105/155/391 431/514/391 430/513/391
f 105/155/392 29/49/392 195/278/392 431/514/392
f 431/514/393 195/278/393 196/279/393 434/517/393
f 434/517/394 196/279/394 197/280/394 437/520/394
f 437/520/395 197/280/395 30/50/395 108/158/395
f 436/519/396 437/520/396 108/158/396 109/159/396
f 435/518/397 436/519/397 109/159/397 110/160/397
f 84/126/398 435/518/398 110/160/398 13/22/398
f 85/128/399 432/515/399 435/518/399 84/126/399
f 86/130/400 429/512/400 432/515/400 85/128/400
f 438/521/401 439/522/401 442/525/401 441/524/401
f 439/522/402 440/523/402 443/526/402 442/525/402
f 441/524/403 442/525/403 445/528/403 444/527/403
f 442/525/404 443/526/404 446/529/404 445/528/404
f 5/9/405 62/91/405 438/521/405 65/94/405
f 62/91/406 61/90/406 439/522/406 438/521/406
f 61/90/407 60/89/407 440/523/407 439/522/407
f 60/89/408 28/48/408 198/281/408 440/523/408
f 440/523/409 198/281/409 199/282/409 443/526/409
f 443/526/410 199/282/410 200/283/410 446/529/410
f 446/529/411 200/283/411 29/49/411 105/155/411
f 445/528/412 446/529/412 105/155/412 106/156/412
f 444/527/413 445/528/413 106/156/413 107/157/413
f 63/92/414 444/527/414 107/157/414 14/24/414
f 64/93/415 441/524/415 444/527/415 63/92/415
f 65/94/416 438/521/416 441/524/416 64/93/416
f 447/530/417 448/531/417 451/534/417 450/533/417
f 448/531/418 449/532/418 452/535/418 451/534/418
f 450/533/419 451/534/419 454/537/419 453/536/419
f 451/534/420 452/535/420 455/538/420 454/537/420
f 13/22/421 110/160/421 447/530/421 83/124/421
f 110/160/422 109/159/422 448/531/422 447/530/422
f 109/159/423 108/158/423 449/532/423 448/531/423
f 108/158/424 30/50/424 201/284/424 449/532/424
f 449/532/425 201/284/425 202/285/425 452/535/425
f 452/535/426 202/285/426 203/286/426 455/538/426
f 455/538/427 203/286/427 25/44/427 167/249/427
f 454/537/428 455/538/428 167/249/428 166/247/428
f 453/536/429 454/537/429 166/247/429 165/245/429
f 81/122/430 453/536/430 165/245/430 1/1/430
f 82/123/431 450/533/431 453/536/431 81/122/431
f 83/124/432 447/530/432 450/533/432 82/123/432
f 456/539/433 457/540/433 460/543/433 459/542/433
f 457/540/434 458/541/434 461/544/434 460/543/434
f 459/542/435 460/543/435 463/546/435 462/545/435
f 460/543/436 461/544/436 464/547/436 463/546/436
f 7/11/437 53/82/437 456/539/437 56/85/437
f 53/82/438 52/81/438 457/540/438 456/539/438
f 52/81/439 51/80/439 458/541/439 457/540/439
f 51/80/440 27/47/440 204/287/440 458/541/440
f 458/541/441 204/287/441 205/288/441 461/544/441
f 461/544/442 205/288/442 206/289/442 464/547/442
f 464/547/443 206/289/443 28/48/443 60/89/443
f 463/546/444 464/547/444 60/89/444 61/90/444
f 462/545/445 463/546/445 61/90/445 62/91/445
f 54/83/446 462/545/446 62/91/446 5/9/446
f 55/84/447 459/542/447 462/545/447 54/83/447
f 56/85/448 456/539/448 459/542/448 55/84/448
f 465/548/449 466/549/449 469/552/449 468/551/449
f 466/549/450 467/550/450 470/553/450 469/552/450
f 468/551/451 469/552/451 472/555/451 471/554/451
f 469/552/452 470/553/452 473/556/452 472/555/452
f 9/14/453 116/166/453 465/548/453 71/103/453
f 116/166/454 115/165/454 466/549/454 465/548/454
f 115/165/455 114/164/455 467/550/455 466/549/455
f 114/164/456 32/52/456 207/290/456 467/550/456
f 467/550/457 207/290/457 208/291/457 470/553/457
f 470/553/458 208/291/458 209/292/458 473/556/458
f 473/556/459 209/292/459 27/47/459 51/80/459
f 472/555/460 473/556/460 51/80/460 52/81/460
f 471/554/461 472/555/461 52/81/461 53/82/461
f 69/101/462 471/554/462 53/82/462 7/11/462
f 70/102/463 468/551/463 471/554/463 69/101/463
f 71/103/464 465/548/464 468/551/464 70/102/464
f 474/557/465 475/558/465 478/561/465 477/560/465
f 475/558/466 476/559/466 479/562/466 478/561/466
f 477/560/467 478/561/467 481/564/467 480/563/467
f 478/561/468 479/562/468 482/565/468 481/564/468
f 1/2/469 165/246/469 474/557/469 35/55/469
f 165/246/470 166/248/470 475/558/470 474/557/470
f 166/248/471 167/250/471 476/559/471 475/558/471
f 167/250/472 25/45/472 210/293/472 476/559/472
f 476/559/473 210/293/473 211/294/473 479/562/473
f 479/562/474 211/294/474 212/295/474 482/565/474
f 482/565/475 212/295/475 26/46/475 42/68/475
f 481/564/476 482/565/476 42/68/476 43/69/476
f 480/563/477 481/564/477 43/69/477 44/70/477
f 33/53/478 480/563/478 44/70/478 3/6/478
f 34/54/479 477/560/479 480/563/479 33/53/479
f 35/55/480 474/557/480 477/560/480 34/54/480
f 607/731/481 606/730/481 485/568/481 486/569/481
f 605/729/482 604/728/482 483/566/482 484/567/482
f 610/734/483 609/733/483 488/571/483 489/572/483
f 608/732/484 607/731/484 486/569/484 487/570/484
f 606/730/485 605/729/485 484/567/485 485/568/485
f 604/728/486 567/650/486 483/566/486
f 575/682/487 610/734/487 489/572/487
f 609/733/488 608/732/488 487/570/488 488/571/488
f 489/572/489 488/571/489 495/578/489 496/579/489
f 487/570/490 486/569/490 493/576/490 494/577/490
f 485/568/491 484/567/491 491/574/491 492/575/491
f 483/566/492 567/651/492 490/573/492
f 575/683/493 489/572/493 496/579/493
f 488/571/494 487/570/494 494/577/494 495/578/494
f 486/569/495 485/568/495 492/575/495 493/576/495
f 484/567/496 483/566/496 490/573/496 491/574/496
f 490/573/497 567/652/497 497/580/497
f 575/684/498 496/579/498 503/586/498
f 495/578/499 494/577/499 501/584/499 502/585/499
f 493/576/500 492/575/500 499/582/500 500/583/500
f 491/574/501 490/573/501 497/580/501 498/581/501
f 496/579/502 495/578/502 502/585/502 503/586/502
f 494/577/503 493/576/503 500/583/503 501/584/503
f 492/575/504 491/574/504 498/581/504 499/582/504
f 502/585/505 501/584/505 508/591/505 509/592/505
f 500/583/506 499/582/506 506/589/506 507/590/506
f 498/581/507 497/580/507 504/587/507 505/588/507
f 503/586/508 502/585/508 509/592/508 510/593/508
f 501/584/509 500/583/509 507/590/509 508/591/509
f 499/582/510 498/581/510 505/588/510 506/589/510
f 497/580/511 567/653/511 504/587/511
f 575/685/512 503/586/512 510/593/512
f 510/593/513 509/592/513 516/599/513 517/600/513
f 508/591/514 507/590/514 514/597/514 515/598/514
f 506/589/515 505/588/515 512/595/515 513/596/515
f 504/587/516 567/654/516 511/594/516
f 575/686/517 510/593/517 517/600/517
f 509/592/518 508/591/518 515/598/518 516/599/518
f 507/590/519 506/589/519 513/596/519 514/597/519
f 505/588/520 504/587/520 511/594/520 512/595/520
f 515/598/521 514/597/521 521/604/521 522/605/521
f 513/596/522 512/595/522 519/602/522 520/603/522
f 511/594/523 567/655/523 518/601/523
f 575/687/524 517/600/524 524/607/524
f 516/599/525 515/598/525 522/605/525 523/606/525
f 514/597/526 513/596/526 520/603/526 521/604/526
f 512/595/527 511/594/527 518/601/527 519/602/527
f 517/600/528 516/599/528 523/606/528 524/607/528
f 575/688/529 524/607/529 531/614/529
f 523/606/530 522/605/530 529/612/530 530/613/530
f 521/604/531 520/603/531 527/610/531 528/611/531
f 519/602/532 518/601/532 525/608/532 526/609/532
f 524/607/533 523/606/533 530/613/533 531/614/533
f 522/605/534 521/604/534 528/611/534 529/612/534
f 520/603/535 519/602/535 526/609/535 527/610/535
f 518/601/536 567/656/536 525/608/536
f 528/611/537 527/610/537 534/617/537 535/618/537
f 526/609/538 525/608/538 532/615/538 533/616/538
f 531/614/539 530/613/539 537/620/539 538/621/539
f 529/612/540 528/611/540 535/618/540 536/619/540
f 527/610/541 526/609/541 533/616/541 534/617/541
f 525/608/542 567/657/542 532/615/542
f 575/689/543 531/614/543 538/621/543
f 530/613/544 529/612/544 536/619/544 537/620/544
f 538/621/545 537/620/545 544/627/545 545/628/545
f 536/619/546 535/618/546 542/625/546 543/626/546
f 534/617/547 533/616/547 540/623/547 541/624/547
f 532/615/548 567/658/548 539/622/548
f 575/690/549 538/621/549 545/628/549
f 537/620/550 536/619/550 543/626/550 544/627/550
f 535/618/551 534/617/551 541/624/551 542/625/551
f 533/616/552 532/615/552 539/622/552 540/623/552
f 541/624/553 540/623/553 547/630/553 548/631/553
f 539/622/554 567/659/554 546/629/554
f 575/691/555 545/628/555 552/635/555
f 544/627/556 543/626/556 550/633/556 551/634/556
f 542/625/557 541/624/557 548/631/557 549/632/557
f 540/623/558 539/622/558 546/629/558 547/630/558
f 545/628/559 544/627/559 551/634/559 552/635/559
f 543/626/560 542/625/560 549/632/560 550/633/560
f 575/692/561 552/635/561 559/642/561
f 551/634/562 550/633/562 557/640/562 558/641/562
f 549/632/563 548/631/563 555/638/563 556/639/563
f 547/630/564 546/629/564 553/636/564 554/637/564
f 552/635/565 551/634/565 558/641/565 559/642/565
f 550/633/566 549/632/566 556/639/566 557/640/566
f 548/631/567 547/630/567 554/637/567 555/638/567
f 546/629/568 567/660/568 553/636/568
f 554/637/569 553/636/569 560/643/569 561/644/569
f 559/642/570 558/641/570 565/648/570 566/649/570
f 557/640/571 556/639/571 563/646/571 564/647/571
f 555/638/572 554/637/572 561/644/572 562/645/572
f 553/636/573 567/661/573 560/643/573
f 575/693/574 559/642/574 566/649/574
f 558/641/575 557/640/575 564/647/575 565/648/575
f 556/639/576 555/638/576 562/645/576 563/646/576
f 566/649/577 565/648/577 573/678/577 574/680/577
f 564/647/578 563/646/578 571/674/578 572/676/578
f 562/645/579 561/644/579 569/670/579 570/672/579
f 560/643/580 567/662/580 568/668/580
f 575/694/581 566/649/581 574/680/581
f 565/648/582 564/647/582 572/676/582 573/678/582
f 563/646/583 562/645/583 570/672/583 571/674/583
f 561/644/584 560/643/584 568/668/584 569/670/584
f 568/669/585 567/663/585 576/700/585
f 575/695/586 574/681/586 582/706/586
f 573/679/587 572/677/587 580/704/587 581/705/587
f 571/675/588 570/673/588 578/702/588 579/703/588
f 569/671/589 568/669/589 576/700/589 577/701/589
f 574/681/590 573/679/590 581/705/590 582/706/590
f 572/677/591 571/675/591 579/703/591 580/704/591
f 570/673/592 569/671/592 577/701/592 578/702/592
f 581/705/593 580/704/593 587/711/593 588/712/593
f 579/703/594 578/702/594 585/709/594 586/710/594
f 577/701/595 576/700/595 583/707/595 584/708/595
f 582/706/596 581/705/596 588/712/596 589/713/596
f 580/704/597 579/703/597 586/710/597 587/711/597
f 578/702/598 577/701/598 584/708/598 585/709/598
f 576/700/599 567/664/599 583/707/599
f 575/696/600 582/706/600 589/713/600
f 589/713/601 588/712/601 595/719/601 596/720/601
f 587/711/602 586/710/602 593/717/602 594/718/602
f 585/709/603 584/708/603 591/715/603 592/716/603
f 583/707/604 567/665/604 590/714/604
f 575/697/605 589/713/605 596/720/605
f 588/712/606 587/711/606 594/718/606 595/719/606
f 586/710/607 585/709/607 592/716/607 593/717/607
f 584/708/608 583/707/608 590/714/608 591/715/608
f 594/718/609 593/717/609 600/724/609 601/725/609
f 592/716/610 591/715/610 598/722/610 599/723/610
f 590/714/611 567/666/611 597/721/611
f 575/698/612 596/720/612 603/727/612
f 595/719/613 594/718/613 601/725/613 602/726/613
f 593/717/614 592/716/614 599/723/614 600/724/614
f 591/715/615 590/714/615 597/721/615 598/722/615
f 596/720/616 595/719/616 602/726/616 603/727/616
f 575/699/617 603/727/617 610/734/617
f 602/726/618 601/725/618 608/732/618 609/733/618
f 600/724/619 599/723/619 606/730/619 607/731/619
f 598/722/620 597/721/620 604/728/620 605/729/620
f 603/727/621 602/726/621 609/733/621 610/734/621
f 601/725/622 600/724/622 607/731/622 608/732/622
f 599/723/623 598/722/623 605/729/623 606/730/623
f 597/721/624 567/667/624 604/728/624
f 648/790/625 738/899/625 739/900/625 674/824/625
f 738/899/626 644/786/626 657/801/626 739/900/626
f 739/900/627 657/801/627 614/743/627 668/818/627
f 674/824/628 739/900/628 668/818/628 620/751/628
f 637/775/629 714/873/629 740/901/629 673/823/629
f 714/873/630 635/771/630 660/806/630 740/901/630
f 740/901/631 660/806/631 618/748/631 669/819/631
f 673/823/632 740/901/632 669/819/632 621/752/632
f 647/789/633 737/898/633 741/902/633 672/822/633
f 737/898/634 646/788/634 663/810/634 741/902/634
f 741/902/635 663/810/635 616/746/635 670/820/635
f 672/822/636 741/902/636 670/820/636 622/753/636
f 631/767/637 697/852/637 742/903/637 671/821/637
f 697/852/638 630/766/638 666/814/638 742/903/638
f 742/903/639 666/814/639 612/738/639 656/799/639
f 671/821/640 742/903/640 656/799/640 619/749/640
f 654/796/641 736/897/641 743/904/641 713/872/641
f 736/897/642 645/787/642 717/878/642 743/904/642
f 743/904/643 717/878/643 615/745/643 665/812/643
f 713/872/644 743/904/644 665/812/644 636/774/644
f 651/793/645 735/896/645 744/905/645 695/850/645
f 735/896/646 644/785/646 716/876/646 744/905/646
f 744/905/647 716/876/647 612/739/647 666/815/647
f 695/850/648 744/905/648 666/815/648 630/765/648
f 634/770/649 694/849/649 745/906/649 682/833/649
f 694/849/649 631/767/649 671/821/649 745/906/649
f 745/906/650 671/821/650 619/749/650 667/816/650
f 682/833/650 745/906/650 667/816/650 626/757/650
f 650/792/651 734/895/651 746/907/651 681/832/651
f 734/895/651 647/789/651 672/822/651 746/907/651
f 746/907/652 672/822/652 622/753/652 677/827/652
f 681/832/652 746/907/652 677/827/652 625/756/652
f 638/776/653 712/871/653 747/908/653 680/831/653
f 712/871/653 637/775/653 673/823/653 747/908/653
f 747/908/654 673/823/654 621/752/654 676/826/654
f 680/831/654 747/908/654 676/826/654 624/755/654
f 649/791/655 733/894/655 748/909/655 679/830/655
f 733/894/655 648/790/655 674/824/655 748/909/655
f 748/909/656 674/824/656 620/751/656 675/825/656
f 679/830/656 748/909/656 675/825/656 623/754/656
f 643/784/657 732/893/657 749/910/657 715/874/657
f 732/893/658 649/791/658 679/830/658 749/910/658
f 749/910/659 679/830/659 623/754/659 658/803/659
f 715/874/660 749/910/660 658/803/660 613/741/660
f 639/777/661 711/870/661 750/911/661 703/860/661
f 711/870/662 638/776/662 680/831/662 750/911/662
f 750/911/663 680/831/663 624/755/663 661/808/663
f 703/860/664 750/911/664 661/808/664 617/747/664
f 645/787/665 731/892/665 751/912/665 717/878/665
f 731/892/666 650/792/666 681/832/666 751/912/666
f 751/912/667 681/832/667 625/756/667 664/811/667
f 717/878/668 751/912/668 664/811/668 615/745/668
f 629/763/669 691/846/669 752/913/669 685/838/669
f 691/846/670 634/770/670 682/833/670 752/913/670
f 752/913/671 682/833/671 626/757/671 678/828/671
f 685/838/672 752/913/672 678/828/672 611/735/672
f 636/773/673 710/869/673 753/914/673 700/856/673
f 710/869/674 642/782/674 690/845/674 753/914/674
f 753/914/674 690/845/674 634/770/674 691/846/674
f 700/856/673 753/914/673 691/846/673 629/763/673
f 613/741/675 658/803/675 754/915/675 659/804/675
f 658/803/676 623/754/676 689/844/676 754/915/676
f 754/915/677 689/844/677 633/769/677 692/847/677
f 659/804/678 754/915/678 692/847/678 627/759/678
f 623/754/679 675/825/679 755/916/679 689/844/679
f 675/825/679 620/751/679 688/843/679 755/916/679
f 755/916/680 688/843/680 632/768/680 693/848/680
f 689/844/680 755/916/680 693/848/680 633/769/680
f 642/782/681 709/868/681 756/917/681 690/845/681
f 709/868/681 641/781/681 687/842/681 756/917/681
f 756/917/681 687/842/681 631/767/681 694/849/681
f 690/845/681 756/917/681 694/849/681 634/770/681
f 653/795/682 730/891/682 757/918/682 708/867/682
f 730/891/682 651/793/682 695/850/682 757/918/682
f 757/918/683 695/850/683 630/765/683 686/840/683
f 708/867/683 757/918/683 686/840/683 640/780/683
f 643/783/684 729/890/684 758/919/684 655/797/684
f 729/890/685 652/794/685 696/851/685 758/919/685
f 758/919/686 696/851/686 629/764/686 685/839/686
f 655/797/687 758/919/687 685/839/687 611/736/687
f 641/781/688 707/866/688 759/920/688 687/842/688
f 707/866/689 640/779/689 686/841/689 759/920/689
f 759/920/689 686/841/689 630/766/689 697/852/689
f 687/842/688 759/920/688 697/852/688 631/767/688
f 620/751/690 668/818/690 760/921/690 688/843/690
f 668/818/691 614/743/691 684/836/691 760/921/691
f 760/921/692 684/836/692 628/761/692 698/853/692
f 688/843/693 760/921/693 698/853/693 632/768/693
f 622/753/694 670/820/694 761/922/694 705/864/694
f 670/820/695 616/746/695 704/862/695 761/922/695
f 761/922/696 704/862/696 640/779/696 707/866/696
f 705/864/697 761/922/697 707/866/697 641/781/697
f 646/788/698 728/889/698 762/923/698 663/810/698
f 728/889/699 653/795/699 708/867/699 762/923/699
f 762/923/700 708/867/700 640/780/700 704/863/700
f 663/810/701 762/923/701 704/863/701 616/746/701
f 625/756/702 677/827/702 763/924/702 706/865/702
f 677/827/702 622/753/702 705/864/702 763/924/702
f 763/924/703 705/864/703 641/781/703 709/868/703
f 706/865/703 763/924/703 709/868/703 642/782/703
f 615/745/704 664/811/704 764/925/704 665/813/704
f 664/811/705 625/756/705 706/865/705 764/925/705
f 764/925/706 706/865/706 642/782/706 710/869/706
f 665/813/707 764/925/707 710/869/707 636/773/707
f 627/759/708 692/847/708 765/926/708 683/834/708
f 692/847/709 633/769/709 702/859/709 765/926/709
f 765/926/709 702/859/709 638/776/709 711/870/709
f 683/834/708 765/926/708 711/870/708 639/777/708
f 633/769/710 693/848/710 766/927/710 702/859/710
f 693/848/710 632/768/710 701/858/710 766/927/710
f 766/927/710 701/858/710 637/775/710 712/871/710
f 702/859/710 766/927/710 712/871/710 638/776/710
f 652/794/711 727/888/711 767/928/711 696/851/711
f 727/888/711 654/796/711 713/872/711 767/928/711
f 767/928/712 713/872/712 636/774/712 700/857/712
f 696/851/712 767/928/712 700/857/712 629/764/712
f 632/768/713 698/853/713 768/929/713 701/858/713
f 698/853/714 628/761/714 699/854/714 768/929/714
f 768/929/714 699/854/714 635/771/714 714/873/714
f 701/858/713 768/929/713 714/873/713 637/775/713
f 627/760/715 683/835/715 769/930/715 724/885/715
f 683/835/715 639/778/715 726/887/715 769/930/715
f 769/930/716 726/887/716 654/796/716 727/888/716
f 724/885/716 769/930/716 727/888/716 652/794/716
f 618/748/717 660/807/717 770/931/717 718/879/717
f 660/807/718 635/772/718 725/886/718 770/931/718
f 770/931/719 725/886/719 653/795/719 728/889/719
f 718/879/720 770/931/720 728/889/720 646/788/720
f 613/742/721 659/805/721 771/932/721 715/875/721
f 659/805/722 627/760/722 724/885/722 771/932/722
f 771/932/723 724/885/723 652/794/723 729/890/723
f 715/875/724 771/932/724 729/890/724 643/783/724
f 635/772/725 699/855/725 772/933/725 725/886/725
f 699/855/725 628/762/725 723/884/725 772/933/725
f 772/933/726 723/884/726 651/793/726 730/891/726
f 725/886/726 772/933/726 730/891/726 653/795/726
f 617/747/727 661/808/727 773/934/727 662/809/727
f 661/808/728 624/755/728 722/883/728 773/934/728
f 773/934/729 722/883/729 650/792/729 731/892/729
f 662/809/730 773/934/730 731/892/730 645/787/730
f 611/737/731 678/829/731 774/935/731 655/798/731
f 678/829/732 626/758/732 721/882/732 774/935/732
f 774/935/733 721/882/733 649/791/733 732/893/733
f 655/798/734 774/935/734 732/893/734 643/784/734
f 626/758/735 667/817/735 775/936/735 721/882/735
f 667/817/735 619/750/735 720/881/735 775/936/735
f 775/936/736 720/881/736 648/790/736 733/894/736
f 721/882/736 775/936/736 733/894/736 649/791/736
f 624/755/737 676/826/737 776/937/737 722/883/737
f 676/826/737 621/752/737 719/880/737 776/937/737
f 776/937/738 719/880/738 647/789/738 734/895/738
f 722/883/738 776/937/738 734/895/738 650/792/738
f 628/762/739 684/837/739 777/938/739 723/884/739
f 684/837/740 614/744/740 657/802/740 777/938/740
f 777/938/741 657/802/741 644/785/741 735/896/741
f 723/884/742 777/938/742 735/896/742 651/793/742
f 639/778/743 703/861/743 778/939/743 726/887/743
f 703/861/744 617/747/744 662/809/744 778/939/744
f 778/939/745 662/809/745 645/787/745 736/897/745
f 726/887/746 778/939/746 736/897/746 654/796/746
f 621/752/747 669/819/747 779/940/747 719/880/747
f 669/819/748 618/748/748 718/879/748 779/940/748
f 779/940/749 718/879/749 646/788/749 737/898/749
f 719/880/750 779/940/750 737/898/750 647/789/750
f 619/750/751 656/800/751 780/941/751 720/881/751
f 656/800/752 612/740/752 716/877/752 780/941/752
f 780/941/753 716/877/753 644/786/753 738/899/753
f 720/881/754 780/941/754 738/899/754 648/790/754
